phase,url,source_file,page_type,title,title_length,meta_description,description_length,canonical,robots_directives,lang,author,og_title,og_description,og_url,og_type,og_image,twitter_card,duplicate_title,duplicate_description,issues,breadcrumbs,broken_external_links,broken_internal_links,canonical_target_status,content_hash,external_outbound_links,h1,heading_structure,image_count,indexable,internal_inbound_links,internal_outbound_links,local_status,missing_alt,missing_dimensions,modified_date,orphan,page_depth,production_status,published_date,schema_types,sitemap_included,word_count
baseline,https://typescript.robertdevore.com/,scripts/build.mjs,home,Learn TypeScript. Build apps and libraries. · TypeScript Course,63,"A free, self-guided TypeScript course: 36 lessons, five builds, verified examples, and a production capstone. JavaScript underneath. Types above it.",148,https://typescript.robertdevore.com/,,en,,Learn TypeScript. Build apps and libraries. · TypeScript Course,"A free, self-guided TypeScript course: 36 lessons, five builds, verified examples, and a production capstone. JavaScript underneath. Types above it.",https://typescript.robertdevore.com/,website,https://typescript.robertdevore.com/assets/social.png,summary_large_image,False,False,"no structured data (opportunity, not search requirement)",False,0,0,200,1074ec07885e9297b304e2d857732b5e84cbb36c40e8b956d17a311d5b7cea98,2,Learn TypeScript.Build appsand libraries.,"[[""h1"", ""Learn TypeScript.Build appsand libraries.""], [""h2"", ""Start with the basics.Build at every stage.""], [""h3"", ""Foundations""], [""h3"", ""The type system""], [""h3"", ""Real applications""], [""h3"", ""Libraries & scale""], [""h3"", ""Advanced & production""], [""h2"", ""Types check your code.Validation checks your data.""], [""h2"", ""Build a jobexecution platform.""]]",0,True,148,31,200,0,0,,False,0,200,,,True,348
baseline,https://typescript.robertdevore.com/research/,scripts/build.mjs,research,Sources & versions · TypeScript Course,38,"The course's verified TypeScript baseline, evidence ledger, and release status.",79,https://typescript.robertdevore.com/research/,,en,,Sources & versions · TypeScript Course,"The course's verified TypeScript baseline, evidence ledger, and release status.",https://typescript.robertdevore.com/research/,website,https://typescript.robertdevore.com/assets/social.png,summary_large_image,False,False,"no structured data (opportunity, not search requirement)",False,0,0,200,01a39d234104e6bc4442b387b3ed4445e1dc279049dd2312218600974c5d965d,29,Sources & versions,"[[""h1"", ""Sources & versions""], [""h2"", ""Stable teaching baseline""], [""h2"", ""Authoritative source ledger""], [""h2"", ""Contributor reference lenses""], [""h2"", ""Verification policy""]]",0,True,100,17,200,0,0,,False,1,200,,,True,713
baseline,https://typescript.robertdevore.com/labs/browser/,labs/browser/index.html,labs,Browser boundary lab · TypeScript Course,40,,0,https://typescript.robertdevore.com/labs/browser/,"noindex,follow",en,,,,,,,,False,False,,False,0,0,200,0b84ff98ed3c6a829232d891198f1c37b92d5b348df68750c74112c88f49dd62,0,Check the actual element.,"[[""h1"", ""Check the actual element.""]]",0,False,1,1,200,0,0,,False,2,200,,,False,42
baseline,https://typescript.robertdevore.com/course/,scripts/build.mjs,course,The complete learning path · TypeScript Course,46,"All 36 TypeScript lessons and five milestone builds in order, with local progress and clear checkpoints.",104,https://typescript.robertdevore.com/course/,,en,,The complete learning path · TypeScript Course,"All 36 TypeScript lessons and five milestone builds in order, with local progress and clear checkpoints.",https://typescript.robertdevore.com/course/,website,https://typescript.robertdevore.com/assets/social.png,summary_large_image,False,False,"no structured data (opportunity, not search requirement)",False,0,0,200,acd357178fd4eee35e652732e84641277ed4d8823c79e1014cbf26ffd8897ae3,2,Your TypeScriptlearning path.,"[[""h1"", ""Your TypeScriptlearning path.""], [""h2"", ""Foundations""], [""h2"", ""The type system""], [""h2"", ""Real applications""], [""h2"", ""Libraries & scale""], [""h2"", ""Advanced & production""]]",0,True,199,58,200,0,0,,False,1,200,,,True,310
baseline,https://typescript.robertdevore.com/tracks/,scripts/build.mjs,tracks,Optional specialization tracks · TypeScript Course,50,"Continue into backend, frontend, library, type-level, tooling, or enterprise TypeScript.",88,https://typescript.robertdevore.com/tracks/,,en,,Optional specialization tracks · TypeScript Course,"Continue into backend, frontend, library, type-level, tooling, or enterprise TypeScript.",https://typescript.robertdevore.com/tracks/,website,https://typescript.robertdevore.com/assets/social.png,summary_large_image,False,False,"no structured data (opportunity, not search requirement)",False,0,0,200,6b730b6e4f4780b000fd2a41b6ee94e7fdfdd60c5520a324a95c145b5a946116,2,Optional specialization tracks,"[[""h1"", ""Optional specialization tracks""], [""h2"", ""Backend TypeScript""], [""h2"", ""Frontend TypeScript""], [""h2"", ""Library engineering""], [""h2"", ""Type-level TypeScript""], [""h2"", ""Tooling & compiler APIs""], [""h2"", ""Monorepo & enterprise TypeScript""]]",0,True,51,27,200,0,0,,False,1,200,,,True,529
baseline,https://typescript.robertdevore.com/about/,scripts/build.mjs,about,About the course · TypeScript Course,36,How to study this independent TypeScript course and verify your work.,69,https://typescript.robertdevore.com/about/,,en,,About the course · TypeScript Course,How to study this independent TypeScript course and verify your work.,https://typescript.robertdevore.com/about/,website,https://typescript.robertdevore.com/assets/social.png,summary_large_image,False,False,"no structured data (opportunity, not search requirement)",False,0,0,200,21c7a7f1612a1a8acbe10dd4e56620488264d24aa36418f2cf49993e98088ded,4,About the course,"[[""h1"", ""About the course""], [""h2"", ""How to study""], [""h2"", ""Get the runnable course""], [""h2"", ""Find an answer""], [""h2"", ""Progress and privacy""], [""h2"", ""Versions and sources""], [""h2"", ""Author and references""]]",0,True,99,21,200,0,0,,False,1,200,,,True,516
baseline,https://typescript.robertdevore.com/builds/package-consumer/,content/builds/04-package-consumer.md,builds,Build 4: package & independent consumer · TypeScript Course,59,Prepare a releasable package and prove its runtime and declaration contracts from a fresh install.,98,https://typescript.robertdevore.com/builds/package-consumer/,,en,,Build 4: package & independent consumer · TypeScript Course,Prepare a releasable package and prove its runtime and declaration contracts from a fresh install.,https://typescript.robertdevore.com/builds/package-consumer/,website,https://typescript.robertdevore.com/assets/social.png,summary_large_image,False,False,"no structured data (opportunity, not search requirement)",False,0,0,200,16d25977bde12bcd7b54c0d4f50c4a4677e823a570c3284aec237aed20225b0b,2,Build 4: package & independent consumer,"[[""h1"", ""Build 4: package & independent consumer""], [""h2"", ""The brief""], [""h2"", ""Milestone 1 \u2014 Define the support envelope""], [""h2"", ""Milestone 2 \u2014 Produce both artifacts""], [""h2"", ""Milestone 3 \u2014 Configure package exports""], [""h2"", ""Milestone 4 \u2014 Inspect the tarball""], [""h2"", ""Milestone 5 \u2014 Install outside the workspace""], [""h2"", ""Milestone 6 \u2014 Review compatibility""], [""h2"", ""Type-checker drill""], [""h2"", ""Runtime-boundary drill""], [""h2"", ""Documentation and release notes""], [""h2"", ""Review rubric""], [""h2"", ""Completion checkpoint""]]",0,True,58,73,200,0,0,,False,2,200,,,True,831
baseline,https://typescript.robertdevore.com/builds/capstone/,content/builds/05-capstone.md,builds,Capstone: typed job execution platform · TypeScript Course,58,"Design, implement, test, package, and operate a complete job system through explicit milestones.",96,https://typescript.robertdevore.com/builds/capstone/,,en,,Capstone: typed job execution platform · TypeScript Course,"Design, implement, test, package, and operate a complete job system through explicit milestones.",https://typescript.robertdevore.com/builds/capstone/,website,https://typescript.robertdevore.com/assets/social.png,summary_large_image,False,False,"no structured data (opportunity, not search requirement)",False,0,0,200,977e207633f3c4c916e406aa96254d48df8c19ff72de615d046f384b2e4782f2,2,Capstone: typed job execution platform,"[[""h1"", ""Capstone: typed job execution platform""], [""h2"", ""The brief""], [""h2"", ""Deliverables""], [""h2"", ""Milestone 1 \u2014 Model identity and state""], [""h2"", ""Milestone 2 \u2014 Establish runtime contracts""], [""h2"", ""Milestone 3 \u2014 Build the executor""], [""h2"", ""Milestone 4 \u2014 Persist and recover""], [""h2"", ""Milestone 5 \u2014 Expose HTTP and CLI adapters""], [""h2"", ""Milestone 6 \u2014 Package the owned contracts""], [""h2"", ""Milestone 7 \u2014 Own production lifecycle""], [""h2"", ""Milestone 8 \u2014 Release and defend the design""], [""h2"", ""Final review rubric""], [""h2"", ""Diagnostic challenge""], [""h2"", ""Completion checkpoint""]]",0,True,59,74,200,0,0,,False,1,200,,,True,1343
baseline,https://typescript.robertdevore.com/builds/data-utility/,content/builds/01-data-utility.md,builds,Build 1: command-line data utility · TypeScript Course,54,"Parse a local job file, reject malformed input, and print an honest summary.",76,https://typescript.robertdevore.com/builds/data-utility/,,en,,Build 1: command-line data utility · TypeScript Course,"Parse a local job file, reject malformed input, and print an honest summary.",https://typescript.robertdevore.com/builds/data-utility/,website,https://typescript.robertdevore.com/assets/social.png,summary_large_image,False,False,"no structured data (opportunity, not search requirement)",False,0,0,200,938e26414750397b76bb2a52c906e4d8e4bdb346772920876ebb56449f83c602,2,Build 1: command-line data utility,"[[""h1"", ""Build 1: command-line data utility""], [""h2"", ""The brief""], [""h2"", ""Inputs and outputs""], [""h2"", ""Milestone 1 \u2014 Own the toolchain""], [""h2"", ""Milestone 2 \u2014 Parse unknown input""], [""h2"", ""Milestone 3 \u2014 Model outcomes""], [""h2"", ""Milestone 4 \u2014 Verify the process boundary""], [""h2"", ""Type-checker drill""], [""h2"", ""Runtime-boundary drill""], [""h2"", ""Compare after implementation""], [""h2"", ""Review questions""], [""h2"", ""Completion checkpoint""]]",0,True,57,72,200,0,0,,False,2,200,,,True,881
baseline,https://typescript.robertdevore.com/builds/library-cli/,content/builds/02-library-cli.md,builds,Build 2: reusable library & CLI · TypeScript Course,51,"Extract domain behavior, preserve inference, and test both runtime and public type contracts.",93,https://typescript.robertdevore.com/builds/library-cli/,,en,,Build 2: reusable library & CLI · TypeScript Course,"Extract domain behavior, preserve inference, and test both runtime and public type contracts.",https://typescript.robertdevore.com/builds/library-cli/,website,https://typescript.robertdevore.com/assets/social.png,summary_large_image,False,False,"no structured data (opportunity, not search requirement)",False,0,0,200,607f557349c6a76e875a190a23042f070637ecd4d28bffb9cee867373d162f52,2,Build 2: reusable library & CLI,"[[""h1"", ""Build 2: reusable library & CLI""], [""h2"", ""The brief""], [""h2"", ""Public domain contract""], [""h2"", ""Milestone 1 \u2014 Separate ownership""], [""h2"", ""Milestone 2 \u2014 Use precise results""], [""h2"", ""Milestone 3 \u2014 Add one justified generic""], [""h2"", ""Milestone 4 \u2014 Test runtime contracts""], [""h2"", ""Milestone 5 \u2014 Test type contracts""], [""h2"", ""Runtime-boundary drill""], [""h2"", ""Type-checker drill""], [""h2"", ""Compare after implementation""], [""h2"", ""Review rubric""], [""h2"", ""Completion checkpoint""]]",0,True,58,73,200,0,0,,False,2,200,,,True,875
baseline,https://typescript.robertdevore.com/builds/application/,content/builds/03-application.md,builds,Build 3: validated HTTP application · TypeScript Course,55,"Build a bounded, observable Node service with a real external boundary and graceful lifecycle.",94,https://typescript.robertdevore.com/builds/application/,,en,,Build 3: validated HTTP application · TypeScript Course,"Build a bounded, observable Node service with a real external boundary and graceful lifecycle.",https://typescript.robertdevore.com/builds/application/,website,https://typescript.robertdevore.com/assets/social.png,summary_large_image,False,False,"no structured data (opportunity, not search requirement)",False,0,0,200,a3967d6918135923255dcb4868caeae5bca6ae156bcdc6eb712da6b7e139684c,2,Build 3: validated HTTP application,"[[""h1"", ""Build 3: validated HTTP application""], [""h2"", ""The brief""], [""h2"", ""Observable contract""], [""h2"", ""Milestone 1 \u2014 Parse startup configuration""], [""h2"", ""Milestone 2 \u2014 Build a trustworthy client""], [""h2"", ""Milestone 3 \u2014 Own application concurrency""], [""h2"", ""Milestone 4 \u2014 Make errors and logs useful""], [""h2"", ""Milestone 5 \u2014 Shut down gracefully""], [""h2"", ""Milestone 6 \u2014 Test both seams and real HTTP""], [""h2"", ""Type-checker and runtime drills""], [""h2"", ""Production review""], [""h2"", ""Completion checkpoint""]]",0,True,57,72,200,0,0,,False,2,200,,,True,933
baseline,https://typescript.robertdevore.com/search/,scripts/build.mjs,search,Search the course · TypeScript Course,37,"Search TypeScript concepts, compiler errors, and practical reference topics.",76,https://typescript.robertdevore.com/search/,"noindex,follow",en,,Search the course · TypeScript Course,"Search TypeScript concepts, compiler errors, and practical reference topics.",https://typescript.robertdevore.com/search/,website,https://typescript.robertdevore.com/assets/social.png,summary_large_image,False,False,,False,0,0,200,25119ca17d489a1f3680996f34b7bd73cbc3a56c46f8f3be35ea1788fef701fb,2,Search the course.,"[[""h1"", ""Search the course.""]]",0,False,101,19,200,0,0,,False,1,200,,,False,35
baseline,https://typescript.robertdevore.com/lessons/generics/,content/lessons/11-generics.md,lessons,Generics & type relationships · TypeScript Course,49,Design reusable functions whose outputs retain useful information about their inputs.,85,https://typescript.robertdevore.com/lessons/generics/,,en,,Generics & type relationships · TypeScript Course,Design reusable functions whose outputs retain useful information about their inputs.,https://typescript.robertdevore.com/lessons/generics/,website,https://typescript.robertdevore.com/assets/social.png,summary_large_image,False,False,"no structured data (opportunity, not search requirement)",False,0,0,200,7a2952e3e331c430027fd2fdb7c10623bd9a59fc10c3ea2a486feba1d5134a4d,4,Generics & type relationships,"[[""h1"", ""Generics & type relationships""], [""h2"", ""Where you are""], [""h2"", ""Mental model""], [""h2"", ""JavaScript reality""], [""h2"", ""TypeScript model""], [""h2"", ""Working example""], [""h2"", ""Type-checker drill""], [""h2"", ""Runtime drill""], [""h2"", ""Professional pattern""], [""h2"", ""Exercise""], [""h2"", ""Checkpoint""], [""h2"", ""Sources""], [""h2"", ""Type explorer""]]",0,True,59,73,200,0,0,,False,2,200,,,True,829
baseline,https://typescript.robertdevore.com/lessons/publishing/,content/lessons/28-publishing.md,lessons,Publishing typed packages · TypeScript Course,45,"Test the tarball that consumers install, including exports, declarations, and compatibility.",92,https://typescript.robertdevore.com/lessons/publishing/,,en,,Publishing typed packages · TypeScript Course,"Test the tarball that consumers install, including exports, declarations, and compatibility.",https://typescript.robertdevore.com/lessons/publishing/,website,https://typescript.robertdevore.com/assets/social.png,summary_large_image,False,False,"no structured data (opportunity, not search requirement)",False,0,0,200,7360532a5bc25bd2b3359d107a68a2e6e3b2ff831acda852f5b7b4c2e8f783dc,5,Publishing typed packages,"[[""h1"", ""Publishing typed packages""], [""h2"", ""Where you are""], [""h2"", ""Mental model""], [""h2"", ""Runtime and package-manager reality""], [""h2"", ""TypeScript model""], [""h2"", ""Working example""], [""h2"", ""Package workflow""], [""h2"", ""Type-checker drill""], [""h2"", ""Runtime drill""], [""h2"", ""Professional pattern""], [""h2"", ""Exercise""], [""h2"", ""Checkpoint""], [""h2"", ""Sources""]]",0,True,59,74,200,0,0,,False,2,200,,,True,727
baseline,https://typescript.robertdevore.com/lessons/mapped-types/,content/lessons/13-mapped-types.md,lessons,Mapped types · TypeScript Course,32,Transform property types without confusing type changes with runtime changes.,77,https://typescript.robertdevore.com/lessons/mapped-types/,,en,,Mapped types · TypeScript Course,Transform property types without confusing type changes with runtime changes.,https://typescript.robertdevore.com/lessons/mapped-types/,website,https://typescript.robertdevore.com/assets/social.png,summary_large_image,False,False,"no structured data (opportunity, not search requirement)",False,0,0,200,64676c3caa0d40d1c860ac6089c2a1c26924be6206e4e3f102a14265fc0c4aa2,4,Mapped types,"[[""h1"", ""Mapped types""], [""h2"", ""Where you are""], [""h2"", ""Mental model""], [""h2"", ""JavaScript reality""], [""h2"", ""TypeScript model""], [""h2"", ""Working example""], [""h2"", ""Type-checker drill""], [""h2"", ""Runtime drill""], [""h2"", ""Professional pattern""], [""h2"", ""Exercise""], [""h2"", ""Checkpoint""], [""h2"", ""Sources""]]",0,True,57,72,200,0,0,,False,2,200,,,True,789
baseline,https://typescript.robertdevore.com/lessons/interfaces-and-aliases/,content/lessons/06-interfaces-and-aliases.md,lessons,Interfaces & type aliases · TypeScript Course,45,Choose interfaces or type aliases to suit your data and public APIs.,68,https://typescript.robertdevore.com/lessons/interfaces-and-aliases/,,en,,Interfaces & type aliases · TypeScript Course,Choose interfaces or type aliases to suit your data and public APIs.,https://typescript.robertdevore.com/lessons/interfaces-and-aliases/,website,https://typescript.robertdevore.com/assets/social.png,summary_large_image,False,False,"no structured data (opportunity, not search requirement)",False,0,0,200,c546909a24a6aa79fc40fdcc777f99de0e2943b1094c8876912cbb55e9ca81e7,4,Interfaces & type aliases,"[[""h1"", ""Interfaces & type aliases""], [""h2"", ""Where you are""], [""h2"", ""Mental model""], [""h2"", ""JavaScript reality""], [""h2"", ""TypeScript model""], [""h2"", ""Working example""], [""h2"", ""Type-checker drill""], [""h2"", ""Runtime drill""], [""h2"", ""Professional pattern""], [""h2"", ""Common failure modes""], [""h2"", ""Exercise""], [""h2"", ""Checkpoint""], [""h2"", ""Sources""]]",0,True,58,73,200,0,0,,False,2,200,,,True,869
baseline,https://typescript.robertdevore.com/lessons/http-clients/,content/lessons/22-http-clients.md,lessons,HTTP clients & external APIs · TypeScript Course,48,"Build an HTTP client that checks responses and handles failures, retries, and cancellation.",91,https://typescript.robertdevore.com/lessons/http-clients/,,en,,HTTP clients & external APIs · TypeScript Course,"Build an HTTP client that checks responses and handles failures, retries, and cancellation.",https://typescript.robertdevore.com/lessons/http-clients/,website,https://typescript.robertdevore.com/assets/social.png,summary_large_image,False,False,"no structured data (opportunity, not search requirement)",False,0,0,200,86799000917bde154156b357b902df8c0560f31d9880d550d978c902a87c0538,4,HTTP clients & external APIs,"[[""h1"", ""HTTP clients & external APIs""], [""h2"", ""Where you are""], [""h2"", ""Mental model""], [""h2"", ""JavaScript and HTTP reality""], [""h2"", ""TypeScript model""], [""h2"", ""Working example""], [""h2"", ""Type-checker drill""], [""h2"", ""Retry, pagination, and rate limits""], [""h2"", ""Runtime drill""], [""h2"", ""Exercise""], [""h2"", ""Checkpoint""], [""h2"", ""Sources""]]",0,True,57,72,200,0,0,,False,2,200,,,True,810
baseline,https://typescript.robertdevore.com/lessons/javascript-migration/,content/lessons/31-javascript-migration.md,lessons,Migrating JavaScript safely · TypeScript Course,47,"Adopt TypeScript a step at a time with checked JavaScript, JSDoc, and typed boundaries.",87,https://typescript.robertdevore.com/lessons/javascript-migration/,,en,,Migrating JavaScript safely · TypeScript Course,"Adopt TypeScript a step at a time with checked JavaScript, JSDoc, and typed boundaries.",https://typescript.robertdevore.com/lessons/javascript-migration/,website,https://typescript.robertdevore.com/assets/social.png,summary_large_image,False,False,"no structured data (opportunity, not search requirement)",False,0,0,200,4becacf50c124014637fd59a02f4b822ea35699eee7c0dc29ed58b75e907c861,5,Migrating JavaScript safely,"[[""h1"", ""Migrating JavaScript safely""], [""h2"", ""Where you are""], [""h2"", ""Mental model""], [""h2"", ""JavaScript reality""], [""h2"", ""TypeScript model""], [""h2"", ""Working example""], [""h2"", ""A gradual configuration""], [""h2"", ""Type-checker drill""], [""h2"", ""Runtime drill""], [""h2"", ""Professional pattern""], [""h2"", ""Exercise""], [""h2"", ""Checkpoint""], [""h2"", ""Sources""]]",0,True,58,73,200,0,0,,False,2,200,,,True,716
baseline,https://typescript.robertdevore.com/lessons/variance/,content/lessons/17-variance.md,lessons,Variance & function compatibility · TypeScript Course,53,Debug callback assignability using the values an implementation can actually handle.,84,https://typescript.robertdevore.com/lessons/variance/,,en,,Variance & function compatibility · TypeScript Course,Debug callback assignability using the values an implementation can actually handle.,https://typescript.robertdevore.com/lessons/variance/,website,https://typescript.robertdevore.com/assets/social.png,summary_large_image,False,False,"no structured data (opportunity, not search requirement)",False,0,0,200,0eef2308430adefd9561d2982e23348e4fa9f45d45a03f524476084f46c82ea7,4,Variance & function compatibility,"[[""h1"", ""Variance & function compatibility""], [""h2"", ""Where you are""], [""h2"", ""Mental model""], [""h2"", ""JavaScript reality""], [""h2"", ""TypeScript model""], [""h2"", ""Working example""], [""h2"", ""Type-checker drill""], [""h2"", ""Runtime drill""], [""h2"", ""Professional pattern""], [""h2"", ""Exercise""], [""h2"", ""Checkpoint""], [""h2"", ""Sources""]]",0,True,57,73,200,0,0,,False,2,200,,,True,797
baseline,https://typescript.robertdevore.com/lessons/assertions-const-satisfies/,content/lessons/10-assertions-const-satisfies.md,lessons,"Assertions, as const & satisfies · TypeScript Course",52,"Compare annotations, assertions, const assertions, and satisfies.",65,https://typescript.robertdevore.com/lessons/assertions-const-satisfies/,,en,,"Assertions, as const & satisfies · TypeScript Course","Compare annotations, assertions, const assertions, and satisfies.",https://typescript.robertdevore.com/lessons/assertions-const-satisfies/,website,https://typescript.robertdevore.com/assets/social.png,summary_large_image,False,False,"no structured data (opportunity, not search requirement)",False,0,0,200,82a8326f585b78039199f6791eb96ebea377d0912bc96fde5301d02aa4ade2f6,4,"Assertions, as const & satisfies","[[""h1"", ""Assertions, as const & satisfies""], [""h2"", ""Where you are""], [""h2"", ""Mental model""], [""h2"", ""JavaScript reality""], [""h2"", ""TypeScript model""], [""h2"", ""Working example""], [""h2"", ""Type-checker drill""], [""h2"", ""Runtime drill""], [""h2"", ""Professional pattern""], [""h2"", ""Exercise""], [""h2"", ""Checkpoint""], [""h2"", ""Sources""], [""h2"", ""Type explorer""]]",0,True,58,73,200,0,0,,False,2,200,,,True,781
baseline,https://typescript.robertdevore.com/lessons/declaration-files/,content/lessons/27-declaration-files.md,lessons,Declaration files · TypeScript Course,37,"Read, write, and test declaration files that describe JavaScript APIs.",70,https://typescript.robertdevore.com/lessons/declaration-files/,,en,,Declaration files · TypeScript Course,"Read, write, and test declaration files that describe JavaScript APIs.",https://typescript.robertdevore.com/lessons/declaration-files/,website,https://typescript.robertdevore.com/assets/social.png,summary_large_image,False,False,"no structured data (opportunity, not search requirement)",False,0,0,200,e90cfa00e7b27ff5b586e9089a4c7750631a378ade0a2173cc19f3505e00ba67,5,Declaration files,"[[""h1"", ""Declaration files""], [""h2"", ""Where you are""], [""h2"", ""Mental model""], [""h2"", ""JavaScript reality""], [""h2"", ""TypeScript model""], [""h2"", ""Working example""], [""h2"", ""Type-checker drill""], [""h2"", ""Runtime drill""], [""h2"", ""Professional pattern""], [""h2"", ""Exercise""], [""h2"", ""Checkpoint""], [""h2"", ""Sources""], [""h2"", ""Type explorer""]]",0,True,58,73,200,0,0,,False,2,200,,,True,789
baseline,https://typescript.robertdevore.com/lessons/compiler-tooling/,content/lessons/35-compiler-tooling.md,lessons,"Compiler, language service & LSP · TypeScript Course",52,Learn how the compiler and language service produce diagnostics and editor feedback.,84,https://typescript.robertdevore.com/lessons/compiler-tooling/,,en,,"Compiler, language service & LSP · TypeScript Course",Learn how the compiler and language service produce diagnostics and editor feedback.,https://typescript.robertdevore.com/lessons/compiler-tooling/,website,https://typescript.robertdevore.com/assets/social.png,summary_large_image,False,False,"no structured data (opportunity, not search requirement)",False,0,0,200,ce16578dee2a9590149e95ee75acf5767186f985d176d1dfb8b16a60be78cc35,5,"Compiler, language service & LSP","[[""h1"", ""Compiler, language service & LSP""], [""h2"", ""Where you are""], [""h2"", ""Mental model""], [""h2"", ""JavaScript and tooling reality""], [""h2"", ""TypeScript 7 model""], [""h2"", ""Working example""], [""h2"", ""Type-checker drill""], [""h2"", ""Runtime drill""], [""h2"", ""Professional pattern""], [""h2"", ""Exercise""], [""h2"", ""Checkpoint""], [""h2"", ""Sources""], [""h2"", ""Type explorer""]]",0,True,59,73,200,0,0,,False,2,200,,,True,748
baseline,https://typescript.robertdevore.com/lessons/runtime-validation/,content/lessons/20-runtime-validation.md,lessons,Runtime validation & trusted boundaries · TypeScript Course,59,Parse external data before using it as a trusted application value.,67,https://typescript.robertdevore.com/lessons/runtime-validation/,,en,,Runtime validation & trusted boundaries · TypeScript Course,Parse external data before using it as a trusted application value.,https://typescript.robertdevore.com/lessons/runtime-validation/,website,https://typescript.robertdevore.com/assets/social.png,summary_large_image,False,False,"no structured data (opportunity, not search requirement)",False,0,0,200,5bdf695b488dc9b866376f4d4bf818c76e8a69936c3077b28f5dab94c2683c02,4,Runtime validation & trusted boundaries,"[[""h1"", ""Runtime validation & trusted boundaries""], [""h2"", ""Where you are""], [""h2"", ""Mental model""], [""h2"", ""JavaScript reality""], [""h2"", ""TypeScript model""], [""h2"", ""Working example""], [""h2"", ""Type-checker drill""], [""h2"", ""Runtime drill""], [""h2"", ""Professional pattern""], [""h2"", ""Exercise""], [""h2"", ""Checkpoint""], [""h2"", ""Sources""]]",0,True,59,72,200,0,0,,False,1,200,,,True,807
baseline,https://typescript.robertdevore.com/lessons/library-design/,content/lessons/26-library-design.md,lessons,Designing library APIs · TypeScript Course,42,"Build APIs with useful inference, clear diagnostics, and stable behavior.",73,https://typescript.robertdevore.com/lessons/library-design/,,en,,Designing library APIs · TypeScript Course,"Build APIs with useful inference, clear diagnostics, and stable behavior.",https://typescript.robertdevore.com/lessons/library-design/,website,https://typescript.robertdevore.com/assets/social.png,summary_large_image,False,False,"no structured data (opportunity, not search requirement)",False,0,0,200,8c355f3e932974398bc9db343f31754fbed5fd77d4a140b30a1c89744ff5a9bc,4,Designing library APIs,"[[""h1"", ""Designing library APIs""], [""h2"", ""Where you are""], [""h2"", ""Mental model""], [""h2"", ""JavaScript reality""], [""h2"", ""TypeScript model""], [""h2"", ""Working example""], [""h2"", ""Type-checker drill""], [""h2"", ""Runtime drill""], [""h2"", ""Professional pattern""], [""h2"", ""Exercise""], [""h2"", ""Checkpoint""], [""h2"", ""Sources""], [""h2"", ""Type explorer""]]",0,True,59,73,200,0,0,,False,1,200,,,True,746
baseline,https://typescript.robertdevore.com/lessons/template-literal-types/,content/lessons/15-template-literal-types.md,lessons,Template literal types · TypeScript Course,42,Define event names and route patterns with string literal types.,64,https://typescript.robertdevore.com/lessons/template-literal-types/,,en,,Template literal types · TypeScript Course,Define event names and route patterns with string literal types.,https://typescript.robertdevore.com/lessons/template-literal-types/,website,https://typescript.robertdevore.com/assets/social.png,summary_large_image,False,False,"no structured data (opportunity, not search requirement)",False,0,0,200,068f38b950e195d5042ebb30ff5c4d68443b5467356eb0426023a8fe91989bad,3,Template literal types,"[[""h1"", ""Template literal types""], [""h2"", ""Where you are""], [""h2"", ""Mental model""], [""h2"", ""JavaScript reality""], [""h2"", ""TypeScript model""], [""h2"", ""Working example""], [""h2"", ""Type-checker drill""], [""h2"", ""Runtime drill""], [""h2"", ""Professional pattern""], [""h2"", ""Exercise""], [""h2"", ""Checkpoint""], [""h2"", ""Sources""]]",0,True,57,72,200,0,0,,False,2,200,,,True,678
baseline,https://typescript.robertdevore.com/lessons/tsconfig/,content/lessons/18-tsconfig.md,lessons,Configuring TypeScript · TypeScript Course,42,"Choose compiler settings for your runtime, build, and packages.",63,https://typescript.robertdevore.com/lessons/tsconfig/,,en,,Configuring TypeScript · TypeScript Course,"Choose compiler settings for your runtime, build, and packages.",https://typescript.robertdevore.com/lessons/tsconfig/,website,https://typescript.robertdevore.com/assets/social.png,summary_large_image,False,False,"no structured data (opportunity, not search requirement)",False,0,0,200,9b24503b7440df64c5aea64d3e5833143ba5627b4844173d99b302808b428918,4,Configuring TypeScript,"[[""h1"", ""Configuring TypeScript""], [""h2"", ""Where you are""], [""h2"", ""Mental model""], [""h2"", ""Runtime and tooling reality""], [""h2"", ""TypeScript model""], [""h2"", ""Working example""], [""h2"", ""Type-checker drill""], [""h2"", ""Runtime drill""], [""h2"", ""Professional pattern""], [""h2"", ""Exercise""], [""h2"", ""Checkpoint""], [""h2"", ""Sources""]]",0,True,59,72,200,0,0,,False,1,200,,,True,788
baseline,https://typescript.robertdevore.com/lessons/values-and-types/,content/lessons/02-values-and-types.md,lessons,JavaScript values & TypeScript types · TypeScript Course,56,Separate runtime values from static types and learn when inference is enough.,77,https://typescript.robertdevore.com/lessons/values-and-types/,,en,,JavaScript values & TypeScript types · TypeScript Course,Separate runtime values from static types and learn when inference is enough.,https://typescript.robertdevore.com/lessons/values-and-types/,website,https://typescript.robertdevore.com/assets/social.png,summary_large_image,False,False,"no structured data (opportunity, not search requirement)",False,0,0,200,de597eb618aebf83f8aa97be422e7584de3734177fd2a2084864d4c8e7c981c6,4,JavaScript values & TypeScript types,"[[""h1"", ""JavaScript values & TypeScript types""], [""h2"", ""Where you are""], [""h2"", ""Mental model""], [""h2"", ""JavaScript reality""], [""h2"", ""TypeScript model""], [""h2"", ""Working example""], [""h2"", ""Type-checker drill""], [""h2"", ""Runtime drill""], [""h2"", ""Professional pattern""], [""h2"", ""Common failure modes""], [""h2"", ""Exercise""], [""h2"", ""Checkpoint""], [""h2"", ""Sources""], [""h2"", ""Type explorer""]]",0,True,59,74,200,0,0,,False,2,200,,,True,906
baseline,https://typescript.robertdevore.com/lessons/async/,content/lessons/21-async.md,lessons,Async TypeScript & cancellation · TypeScript Course,51,Understand promises and scheduling before modeling concurrent operations.,73,https://typescript.robertdevore.com/lessons/async/,,en,,Async TypeScript & cancellation · TypeScript Course,Understand promises and scheduling before modeling concurrent operations.,https://typescript.robertdevore.com/lessons/async/,website,https://typescript.robertdevore.com/assets/social.png,summary_large_image,False,False,"no structured data (opportunity, not search requirement)",False,0,0,200,97d1e74ed5b60854f6e46af12c9128d740e95c409b9c55d2cf546a675c80c2bb,4,Async TypeScript & cancellation,"[[""h1"", ""Async TypeScript & cancellation""], [""h2"", ""Where you are""], [""h2"", ""JavaScript reality""], [""h2"", ""Mental model""], [""h2"", ""TypeScript model""], [""h2"", ""Working example""], [""h2"", ""Type-checker drill""], [""h2"", ""Runtime drill""], [""h2"", ""Async iteration and streams""], [""h2"", ""Professional pattern""], [""h2"", ""Exercise""], [""h2"", ""Checkpoint""], [""h2"", ""Sources""]]",0,True,59,73,200,0,0,,False,2,200,,,True,798
baseline,https://typescript.robertdevore.com/lessons/setup/,content/lessons/01-setup.md,lessons,Modern TypeScript setup · TypeScript Course,43,"Set up a project, check your code, and run the JavaScript it produces.",70,https://typescript.robertdevore.com/lessons/setup/,,en,,Modern TypeScript setup · TypeScript Course,"Set up a project, check your code, and run the JavaScript it produces.",https://typescript.robertdevore.com/lessons/setup/,website,https://typescript.robertdevore.com/assets/social.png,summary_large_image,False,False,"no structured data (opportunity, not search requirement)",False,0,0,200,28692d100f16dc4bb69f269844d946131b21fbe2537b254aa5b264d7ffd3b0dc,5,Modern TypeScript setup,"[[""h1"", ""Modern TypeScript setup""], [""h2"", ""Where you are""], [""h2"", ""Why this matters""], [""h2"", ""Mental model""], [""h2"", ""JavaScript reality""], [""h2"", ""Install a local toolchain""], [""h2"", ""Working example""], [""h2"", ""Type-checker drill""], [""h2"", ""Runtime drill""], [""h2"", ""TypeScript 7 and development workflows""], [""h2"", ""Professional pattern""], [""h2"", ""Exercise""], [""h2"", ""Checkpoint""], [""h2"", ""Sources""]]",0,True,60,73,200,0,0,,False,1,200,,,True,1026
baseline,https://typescript.robertdevore.com/lessons/shipping/,content/lessons/36-shipping.md,lessons,Shipping & maintaining TypeScript · TypeScript Course,53,Build reproducible releases and check that upgrades preserve your public APIs.,78,https://typescript.robertdevore.com/lessons/shipping/,,en,,Shipping & maintaining TypeScript · TypeScript Course,Build reproducible releases and check that upgrades preserve your public APIs.,https://typescript.robertdevore.com/lessons/shipping/,website,https://typescript.robertdevore.com/assets/social.png,summary_large_image,False,False,"no structured data (opportunity, not search requirement)",False,0,0,200,d18eef0bb615d7bcd70b6a775c8e505422e1c2674bfff7882551667735dc9838,5,Shipping & maintaining TypeScript,"[[""h1"", ""Shipping & maintaining TypeScript""], [""h2"", ""Where you are""], [""h2"", ""Mental model""], [""h2"", ""Runtime and tooling reality""], [""h2"", ""TypeScript model""], [""h2"", ""Working example""], [""h2"", ""Type-checker drill""], [""h2"", ""Release procedure""], [""h2"", ""Runtime drill""], [""h2"", ""Professional pattern""], [""h2"", ""Exercise""], [""h2"", ""Checkpoint""], [""h2"", ""Sources""]]",0,True,58,74,200,0,0,,False,2,200,,,True,787
baseline,https://typescript.robertdevore.com/lessons/workspaces/,content/lessons/29-workspaces.md,lessons,Workspaces & project boundaries · TypeScript Course,51,Organize packages and builds so dependencies stay clear as the repository grows.,80,https://typescript.robertdevore.com/lessons/workspaces/,,en,,Workspaces & project boundaries · TypeScript Course,Organize packages and builds so dependencies stay clear as the repository grows.,https://typescript.robertdevore.com/lessons/workspaces/,website,https://typescript.robertdevore.com/assets/social.png,summary_large_image,False,False,"no structured data (opportunity, not search requirement)",False,0,0,200,39da1a3715f3a0c7d4831b030dd07beb5760f0e91a1e9ab9cdc351369346f447,5,Workspaces & project boundaries,"[[""h1"", ""Workspaces & project boundaries""], [""h2"", ""Where you are""], [""h2"", ""Mental model""], [""h2"", ""JavaScript and package reality""], [""h2"", ""TypeScript model""], [""h2"", ""Working example""], [""h2"", ""Reference layout""], [""h2"", ""Type-checker drill""], [""h2"", ""Runtime drill""], [""h2"", ""Professional pattern""], [""h2"", ""Exercise""], [""h2"", ""Checkpoint""], [""h2"", ""Sources""]]",0,True,59,73,200,0,0,,False,2,200,,,True,746
baseline,https://typescript.robertdevore.com/lessons/testing/,content/lessons/23-testing.md,lessons,Runtime tests & type tests · TypeScript Course,46,"Test runtime behavior, inferred types, rejected inputs, and integrations.",73,https://typescript.robertdevore.com/lessons/testing/,,en,,Runtime tests & type tests · TypeScript Course,"Test runtime behavior, inferred types, rejected inputs, and integrations.",https://typescript.robertdevore.com/lessons/testing/,website,https://typescript.robertdevore.com/assets/social.png,summary_large_image,False,False,"no structured data (opportunity, not search requirement)",False,0,0,200,5274ebfa0fc01586009b39f58054f0a4cb7ba70942c8a15240a5caa00e805332,4,Runtime tests & type tests,"[[""h1"", ""Runtime tests & type tests""], [""h2"", ""Where you are""], [""h2"", ""Mental model""], [""h2"", ""JavaScript reality""], [""h2"", ""TypeScript model""], [""h2"", ""Working example""], [""h2"", ""Type-checker drill""], [""h2"", ""Runtime drill""], [""h2"", ""Professional pattern""], [""h2"", ""Exercise""], [""h2"", ""Checkpoint""], [""h2"", ""Sources""]]",0,True,58,72,200,0,0,,False,2,200,,,True,745
baseline,https://typescript.robertdevore.com/lessons/objects-arrays-tuples/,content/lessons/04-objects-arrays-tuples.md,lessons,"Objects, arrays & tuples · TypeScript Course",44,"Describe objects and collections, and understand how mutation affects them.",75,https://typescript.robertdevore.com/lessons/objects-arrays-tuples/,,en,,"Objects, arrays & tuples · TypeScript Course","Describe objects and collections, and understand how mutation affects them.",https://typescript.robertdevore.com/lessons/objects-arrays-tuples/,website,https://typescript.robertdevore.com/assets/social.png,summary_large_image,False,False,"no structured data (opportunity, not search requirement)",False,0,0,200,548ccbb502029be262f005d4c5bc0a6bf5526cbf318dc3f7a7eb9fc33ba0dc3b,4,"Objects, arrays & tuples","[[""h1"", ""Objects, arrays & tuples""], [""h2"", ""Where you are""], [""h2"", ""Mental model""], [""h2"", ""JavaScript reality""], [""h2"", ""TypeScript model""], [""h2"", ""Working example""], [""h2"", ""Type-checker drill""], [""h2"", ""Runtime drill""], [""h2"", ""Professional pattern""], [""h2"", ""Exercise""], [""h2"", ""Checkpoint""], [""h2"", ""Sources""]]",0,True,58,72,200,0,0,,False,2,200,,,True,787
baseline,https://typescript.robertdevore.com/lessons/architecture/,content/lessons/34-architecture.md,lessons,Architecture for large TypeScript systems · TypeScript Course,61,"Separate domain rules, application services, and adapters with clear dependencies.",82,https://typescript.robertdevore.com/lessons/architecture/,,en,,Architecture for large TypeScript systems · TypeScript Course,"Separate domain rules, application services, and adapters with clear dependencies.",https://typescript.robertdevore.com/lessons/architecture/,website,https://typescript.robertdevore.com/assets/social.png,summary_large_image,False,False,"no structured data (opportunity, not search requirement)",False,0,0,200,648d945cbc8484c49c72c8e3dc696b7d82e90d7dbb28feba45cb506101d99564,4,Architecture for large TypeScript systems,"[[""h1"", ""Architecture for large TypeScript systems""], [""h2"", ""Where you are""], [""h2"", ""Mental model""], [""h2"", ""JavaScript reality""], [""h2"", ""TypeScript model""], [""h2"", ""Working example""], [""h2"", ""Type-checker drill""], [""h2"", ""Runtime drill""], [""h2"", ""Professional pattern""], [""h2"", ""Exercise""], [""h2"", ""Checkpoint""], [""h2"", ""Sources""]]",0,True,58,72,200,0,0,,False,2,200,,,True,838
baseline,https://typescript.robertdevore.com/lessons/runtime-safety/,content/lessons/33-runtime-safety.md,lessons,Type safety versus runtime safety · TypeScript Course,53,Learn where static checks fall short and which runtime checks you still need.,77,https://typescript.robertdevore.com/lessons/runtime-safety/,,en,,Type safety versus runtime safety · TypeScript Course,Learn where static checks fall short and which runtime checks you still need.,https://typescript.robertdevore.com/lessons/runtime-safety/,website,https://typescript.robertdevore.com/assets/social.png,summary_large_image,False,False,"no structured data (opportunity, not search requirement)",False,0,0,200,e3472366c9854a3cf8f33d7943e6576214aea6036b8111ff1e697f4c8557c5e7,5,Type safety versus runtime safety,"[[""h1"", ""Type safety versus runtime safety""], [""h2"", ""Where you are""], [""h2"", ""Mental model""], [""h2"", ""JavaScript reality""], [""h2"", ""TypeScript model""], [""h2"", ""Working example""], [""h2"", ""Type-checker drill""], [""h2"", ""Runtime drill""], [""h2"", ""Professional pattern""], [""h2"", ""Exercise""], [""h2"", ""Checkpoint""], [""h2"", ""Sources""]]",0,True,58,72,200,0,0,,False,2,200,,,True,696
baseline,https://typescript.robertdevore.com/lessons/structural-typing/,content/lessons/08-structural-typing.md,lessons,Structural typing & assignability · TypeScript Course,53,Understand why object types are compatible and when excess property checks apply.,81,https://typescript.robertdevore.com/lessons/structural-typing/,,en,,Structural typing & assignability · TypeScript Course,Understand why object types are compatible and when excess property checks apply.,https://typescript.robertdevore.com/lessons/structural-typing/,website,https://typescript.robertdevore.com/assets/social.png,summary_large_image,False,False,"no structured data (opportunity, not search requirement)",False,0,0,200,f61db76be4ee267ad4af831c108c897e6d7f0e74707a28862e99d33a666fb6c4,4,Structural typing & assignability,"[[""h1"", ""Structural typing & assignability""], [""h2"", ""Where you are""], [""h2"", ""Mental model""], [""h2"", ""JavaScript reality""], [""h2"", ""TypeScript model""], [""h2"", ""Working example""], [""h2"", ""Type-checker drill""], [""h2"", ""Runtime drill""], [""h2"", ""Professional pattern""], [""h2"", ""Exercise""], [""h2"", ""Checkpoint""], [""h2"", ""Sources""]]",0,True,60,72,200,0,0,,False,1,200,,,True,737
baseline,https://typescript.robertdevore.com/lessons/node-application/,content/lessons/25-node-application.md,lessons,Building a Node.js application · TypeScript Course,50,"Build a Node.js app with configuration, files, HTTP, logs, and graceful shutdown.",81,https://typescript.robertdevore.com/lessons/node-application/,,en,,Building a Node.js application · TypeScript Course,"Build a Node.js app with configuration, files, HTTP, logs, and graceful shutdown.",https://typescript.robertdevore.com/lessons/node-application/,website,https://typescript.robertdevore.com/assets/social.png,summary_large_image,False,False,"no structured data (opportunity, not search requirement)",False,0,0,200,222ef0dbcfc69bf80918e2e14080b7f981f0f3641f791d796178b58c8e6d607b,5,Building a Node.js application,"[[""h1"", ""Building a Node.js application""], [""h2"", ""Where you are""], [""h2"", ""Mental model""], [""h2"", ""JavaScript and Node reality""], [""h2"", ""TypeScript model""], [""h2"", ""Working example""], [""h2"", ""Type-checker drill""], [""h2"", ""Classes at an adapter boundary""], [""h2"", ""Application lab""], [""h2"", ""Runtime drill""], [""h2"", ""Professional pattern""], [""h2"", ""Exercise""], [""h2"", ""Checkpoint""], [""h2"", ""Sources""]]",0,True,60,75,200,0,0,,False,2,200,,,True,924
baseline,https://typescript.robertdevore.com/lessons/exhaustiveness/,content/lessons/16-exhaustiveness.md,lessons,Discriminated unions & exhaustiveness · TypeScript Course,57,Describe valid states and catch missing cases when they change.,63,https://typescript.robertdevore.com/lessons/exhaustiveness/,,en,,Discriminated unions & exhaustiveness · TypeScript Course,Describe valid states and catch missing cases when they change.,https://typescript.robertdevore.com/lessons/exhaustiveness/,website,https://typescript.robertdevore.com/assets/social.png,summary_large_image,False,False,"no structured data (opportunity, not search requirement)",False,0,0,200,27375e678ecea15290c3a4fd4793add8413016cb1ed7f112b15b0999d0c6dbd0,3,Discriminated unions & exhaustiveness,"[[""h1"", ""Discriminated unions & exhaustiveness""], [""h2"", ""Where you are""], [""h2"", ""Mental model""], [""h2"", ""JavaScript reality""], [""h2"", ""TypeScript model""], [""h2"", ""Working example""], [""h2"", ""Type-checker drill""], [""h2"", ""Runtime drill""], [""h2"", ""Professional pattern""], [""h2"", ""Exercise""], [""h2"", ""Checkpoint""], [""h2"", ""Sources""]]",0,True,57,72,200,0,0,,False,2,200,,,True,734
baseline,https://typescript.robertdevore.com/lessons/functions/,content/lessons/03-functions.md,lessons,Functions & callbacks · TypeScript Course,41,Write functions and callbacks with clear inputs and return types.,65,https://typescript.robertdevore.com/lessons/functions/,,en,,Functions & callbacks · TypeScript Course,Write functions and callbacks with clear inputs and return types.,https://typescript.robertdevore.com/lessons/functions/,website,https://typescript.robertdevore.com/assets/social.png,summary_large_image,False,False,"no structured data (opportunity, not search requirement)",False,0,0,200,15d43710452873e75093ac8e8d683328bd486f2870168ff3205869fb217279b8,4,Functions & callbacks,"[[""h1"", ""Functions & callbacks""], [""h2"", ""Where you are""], [""h2"", ""Why this matters""], [""h2"", ""JavaScript reality""], [""h2"", ""TypeScript model""], [""h2"", ""Working example""], [""h2"", ""Type-checker drill""], [""h2"", ""Runtime drill""], [""h2"", ""Professional pattern""], [""h2"", ""Common failure modes""], [""h2"", ""Exercise""], [""h2"", ""Checkpoint""], [""h2"", ""Sources""]]",0,True,57,73,200,0,0,,False,2,200,,,True,885
baseline,https://typescript.robertdevore.com/lessons/errors-and-null/,content/lessons/07-errors-and-null.md,lessons,Errors & nullable values · TypeScript Course,44,Handle missing values and errors with exceptions and result types.,66,https://typescript.robertdevore.com/lessons/errors-and-null/,,en,,Errors & nullable values · TypeScript Course,Handle missing values and errors with exceptions and result types.,https://typescript.robertdevore.com/lessons/errors-and-null/,website,https://typescript.robertdevore.com/assets/social.png,summary_large_image,False,False,"no structured data (opportunity, not search requirement)",False,0,0,200,03b9f39aa560d79354bf3756b9494c100b4074945856c45fdf15976d55b7e271,4,Errors & nullable values,"[[""h1"", ""Errors & nullable values""], [""h2"", ""Where you are""], [""h2"", ""Mental model""], [""h2"", ""JavaScript reality""], [""h2"", ""TypeScript model""], [""h2"", ""Working example""], [""h2"", ""Type-checker drill""], [""h2"", ""Runtime drill""], [""h2"", ""Professional pattern""], [""h2"", ""Exercise""], [""h2"", ""Checkpoint""], [""h2"", ""Sources""]]",0,True,57,73,200,0,0,,False,2,200,,,True,783
baseline,https://typescript.robertdevore.com/lessons/narrowing/,content/lessons/05-narrowing.md,lessons,"Unions, literals & narrowing · TypeScript Course",48,Use runtime evidence and control flow to make union types useful.,65,https://typescript.robertdevore.com/lessons/narrowing/,,en,,"Unions, literals & narrowing · TypeScript Course",Use runtime evidence and control flow to make union types useful.,https://typescript.robertdevore.com/lessons/narrowing/,website,https://typescript.robertdevore.com/assets/social.png,summary_large_image,False,False,"no structured data (opportunity, not search requirement)",False,0,0,200,fd8bc69a6fe5f8ef7b13afe86febfc166c4575b62e27c9cf2142a4666815be56,4,"Unions, literals & narrowing","[[""h1"", ""Unions, literals & narrowing""], [""h2"", ""Where you are""], [""h2"", ""Why this matters""], [""h2"", ""Mental model""], [""h2"", ""JavaScript reality""], [""h2"", ""TypeScript model""], [""h2"", ""Working example""], [""h2"", ""Type-checker drill""], [""h2"", ""Runtime drill""], [""h2"", ""Professional pattern""], [""h2"", ""Exercise""], [""h2"", ""Checkpoint""], [""h2"", ""Sources""]]",0,True,58,73,200,0,0,,False,2,200,,,True,881
baseline,https://typescript.robertdevore.com/lessons/advanced-design/,content/lessons/32-advanced-design.md,lessons,Practical advanced types · TypeScript Course,44,"Use brands, builders, recursion, and type-state when they make an API easier to use.",84,https://typescript.robertdevore.com/lessons/advanced-design/,,en,,Practical advanced types · TypeScript Course,"Use brands, builders, recursion, and type-state when they make an API easier to use.",https://typescript.robertdevore.com/lessons/advanced-design/,website,https://typescript.robertdevore.com/assets/social.png,summary_large_image,False,False,"no structured data (opportunity, not search requirement)",False,0,0,200,af5778a56f67178b7d70d8ea7bc3cfbc5adfa811dc11f095a37819c2a09bf790,5,Practical advanced types,"[[""h1"", ""Practical advanced types""], [""h2"", ""Where you are""], [""h2"", ""Mental model""], [""h2"", ""JavaScript reality: classes and prototypes""], [""h2"", ""TypeScript model""], [""h2"", ""Working example""], [""h2"", ""Type-checker drill""], [""h2"", ""Runtime drill""], [""h2"", ""Professional pattern""], [""h2"", ""Exercise""], [""h2"", ""Checkpoint""], [""h2"", ""Sources""]]",0,True,60,72,200,0,0,,False,1,200,,,True,867
baseline,https://typescript.robertdevore.com/lessons/performance/,content/lessons/30-performance.md,lessons,Compiler & editor performance · TypeScript Course,49,Find what slows the compiler or editor before changing your types.,66,https://typescript.robertdevore.com/lessons/performance/,,en,,Compiler & editor performance · TypeScript Course,Find what slows the compiler or editor before changing your types.,https://typescript.robertdevore.com/lessons/performance/,website,https://typescript.robertdevore.com/assets/social.png,summary_large_image,False,False,"no structured data (opportunity, not search requirement)",False,0,0,200,68f6066256e83e785e698779d419511f07ceb37e53dac7f89a64950f725f8e76,4,Compiler & editor performance,"[[""h1"", ""Compiler & editor performance""], [""h2"", ""Where you are""], [""h2"", ""Mental model""], [""h2"", ""Runtime and tooling reality""], [""h2"", ""TypeScript model""], [""h2"", ""Working example""], [""h2"", ""Measurement lab""], [""h2"", ""Type-checker drill""], [""h2"", ""Runtime drill""], [""h2"", ""Professional pattern""], [""h2"", ""Exercise""], [""h2"", ""Checkpoint""], [""h2"", ""Sources""]]",0,True,59,73,200,0,0,,False,2,200,,,True,745
baseline,https://typescript.robertdevore.com/lessons/modules/,content/lessons/19-modules.md,lessons,"ESM, CommonJS & module resolution · TypeScript Course",53,Follow an import from TypeScript source to the code your runtime loads.,71,https://typescript.robertdevore.com/lessons/modules/,,en,,"ESM, CommonJS & module resolution · TypeScript Course",Follow an import from TypeScript source to the code your runtime loads.,https://typescript.robertdevore.com/lessons/modules/,website,https://typescript.robertdevore.com/assets/social.png,summary_large_image,False,False,"no structured data (opportunity, not search requirement)",False,0,0,200,1961c5b55bfb7f326b805a4c7e6734246103fd9c2b45f27d7295d513cf267aef,5,"ESM, CommonJS & module resolution","[[""h1"", ""ESM, CommonJS & module resolution""], [""h2"", ""Where you are""], [""h2"", ""Mental model""], [""h2"", ""JavaScript reality""], [""h2"", ""TypeScript model""], [""h2"", ""Working example""], [""h2"", ""Type-checker drill""], [""h2"", ""Package map exercise""], [""h2"", ""Runtime drill""], [""h2"", ""Professional pattern""], [""h2"", ""Checkpoint""], [""h2"", ""Sources""]]",0,True,58,72,200,0,0,,False,2,200,,,True,846
baseline,https://typescript.robertdevore.com/lessons/keyof-typeof-indexed-access/,content/lessons/12-keyof-typeof-indexed-access.md,lessons,"keyof, typeof & indexed access · TypeScript Course",50,Keep property names and their values connected in reusable APIs.,64,https://typescript.robertdevore.com/lessons/keyof-typeof-indexed-access/,,en,,"keyof, typeof & indexed access · TypeScript Course",Keep property names and their values connected in reusable APIs.,https://typescript.robertdevore.com/lessons/keyof-typeof-indexed-access/,website,https://typescript.robertdevore.com/assets/social.png,summary_large_image,False,False,"no structured data (opportunity, not search requirement)",False,0,0,200,ed4024289a01a70dbbf9c37d245e4917cf29222704bdc58d3376ad65e2a604b1,5,"keyof, typeof & indexed access","[[""h1"", ""keyof, typeof & indexed access""], [""h2"", ""Where you are""], [""h2"", ""Mental model""], [""h2"", ""JavaScript reality""], [""h2"", ""TypeScript model""], [""h2"", ""Working example""], [""h2"", ""Type-checker drill""], [""h2"", ""Runtime drill""], [""h2"", ""Professional pattern""], [""h2"", ""Exercise""], [""h2"", ""Checkpoint""], [""h2"", ""Sources""], [""h2"", ""Type explorer""]]",0,True,58,73,200,0,0,,False,2,200,,,True,761
baseline,https://typescript.robertdevore.com/lessons/static-analysis/,content/lessons/24-static-analysis.md,lessons,"Linting, formatting & static analysis · TypeScript Course",57,"Understand what the compiler, linter, formatter, and tests each check.",70,https://typescript.robertdevore.com/lessons/static-analysis/,,en,,"Linting, formatting & static analysis · TypeScript Course","Understand what the compiler, linter, formatter, and tests each check.",https://typescript.robertdevore.com/lessons/static-analysis/,website,https://typescript.robertdevore.com/assets/social.png,summary_large_image,False,False,"no structured data (opportunity, not search requirement)",False,0,0,200,5e48f47f274f989a01509e97d7009b64944ebaaece86ca38ad2b38f649c52c6e,5,"Linting, formatting & static analysis","[[""h1"", ""Linting, formatting & static analysis""], [""h2"", ""Where you are""], [""h2"", ""Mental model""], [""h2"", ""JavaScript reality""], [""h2"", ""TypeScript model""], [""h2"", ""Working example""], [""h2"", ""Type-checker drill""], [""h2"", ""A small workflow""], [""h2"", ""Runtime drill""], [""h2"", ""Professional pattern""], [""h2"", ""Exercise""], [""h2"", ""Checkpoint""], [""h2"", ""Sources""]]",0,True,58,73,200,0,0,,False,2,200,,,True,719
baseline,https://typescript.robertdevore.com/lessons/conditional-types/,content/lessons/14-conditional-types.md,lessons,Conditional types & infer · TypeScript Course,45,"Use conditional types and infer, and learn when unions distribute.",66,https://typescript.robertdevore.com/lessons/conditional-types/,,en,,Conditional types & infer · TypeScript Course,"Use conditional types and infer, and learn when unions distribute.",https://typescript.robertdevore.com/lessons/conditional-types/,website,https://typescript.robertdevore.com/assets/social.png,summary_large_image,False,False,"no structured data (opportunity, not search requirement)",False,0,0,200,b48f5cb86954d3429e70b78fe6d6734ef2161accc076424c9616e17aea0c9e53,4,Conditional types & infer,"[[""h1"", ""Conditional types & infer""], [""h2"", ""Where you are""], [""h2"", ""Mental model""], [""h2"", ""JavaScript reality""], [""h2"", ""TypeScript model""], [""h2"", ""Working example""], [""h2"", ""Type-checker drill""], [""h2"", ""Runtime drill""], [""h2"", ""Professional pattern""], [""h2"", ""Exercise""], [""h2"", ""Checkpoint""], [""h2"", ""Sources""]]",0,True,58,72,200,0,0,,False,2,200,,,True,802
baseline,https://typescript.robertdevore.com/lessons/any-unknown-never-void/,content/lessons/09-any-unknown-never-void.md,lessons,"any, unknown, never & void · TypeScript Course",46,"Choose the right meaning for unchecked values, unknown inputs, impossible cases, and ignored returns.",101,https://typescript.robertdevore.com/lessons/any-unknown-never-void/,,en,,"any, unknown, never & void · TypeScript Course","Choose the right meaning for unchecked values, unknown inputs, impossible cases, and ignored returns.",https://typescript.robertdevore.com/lessons/any-unknown-never-void/,website,https://typescript.robertdevore.com/assets/social.png,summary_large_image,False,False,"no structured data (opportunity, not search requirement)",False,0,0,200,33064e16eb939f1b3a5f140d57618a6f3ed7c0ad542b29fba6d1cba34dc1612f,4,"any, unknown, never & void","[[""h1"", ""any, unknown, never & void""], [""h2"", ""Where you are""], [""h2"", ""Mental model""], [""h2"", ""JavaScript reality""], [""h2"", ""TypeScript model""], [""h2"", ""Working example""], [""h2"", ""Type-checker drill""], [""h2"", ""Runtime drill""], [""h2"", ""Professional pattern""], [""h2"", ""Exercise""], [""h2"", ""Checkpoint""], [""h2"", ""Sources""]]",0,True,57,72,200,0,0,,False,2,200,,,True,762
baseline,https://typescript.robertdevore.com/reference/,scripts/build.mjs,reference,TypeScript reference · TypeScript Course,40,"Find TypeScript concepts, common errors, and the lesson that explains them.",75,https://typescript.robertdevore.com/reference/,,en,,TypeScript reference · TypeScript Course,"Find TypeScript concepts, common errors, and the lesson that explains them.",https://typescript.robertdevore.com/reference/,website,https://typescript.robertdevore.com/assets/social.png,summary_large_image,False,False,"no structured data (opportunity, not search requirement)",False,0,0,200,dae52dd2cc538408fed2f743671831a1a7f4e921fccd0dacce1f39ffb08b94a8,2,TypeScript reference,"[[""h1"", ""TypeScript reference""], [""h2"", ""Runtime versus static contracts""], [""h2"", ""Inference and modeling""], [""h2"", ""Applications and libraries""], [""h2"", ""Error-oriented index""]]",0,True,101,62,200,0,0,,False,1,200,,,True,386
baseline,https://typescript.robertdevore.com/404/,scripts/build.mjs,404,Page not found · TypeScript Course,34,Return to the TypeScript course learning path.,46,https://typescript.robertdevore.com/404/,"noindex,follow",en,,Page not found · TypeScript Course,Return to the TypeScript course learning path.,https://typescript.robertdevore.com/404/,website,https://typescript.robertdevore.com/assets/social.png,summary_large_image,False,False,,False,0,1,200,9735a21c6ef67bd2666697a745842d353d5c6ab1df9d3dc2d5cfdc8bd8e58c97,2,Page not found.,"[[""h1"", ""Page not found.""]]",0,False,1,19,404,0,0,,True,,200,,,False,18
after,https://typescript.robertdevore.com/,scripts/build.mjs,home,Learn TypeScript. Build apps and libraries. · TypeScript Course,63,"A free, self-guided TypeScript course: 36 lessons, five builds, verified examples, and a production capstone. JavaScript underneath. Types above it.",148,https://typescript.robertdevore.com/,,en,,Learn TypeScript. Build apps and libraries. · TypeScript Course,"A free, self-guided TypeScript course: 36 lessons, five builds, verified examples, and a production capstone. JavaScript underneath. Types above it.",https://typescript.robertdevore.com/,website,https://typescript.robertdevore.com/assets/social.png,summary_large_image,False,False,,False,0,0,200,1074ec07885e9297b304e2d857732b5e84cbb36c40e8b956d17a311d5b7cea98,2,Learn TypeScript.Build appsand libraries.,"[[""h1"", ""Learn TypeScript.Build appsand libraries.""], [""h2"", ""Start with the basics.Build at every stage.""], [""h3"", ""Foundations""], [""h3"", ""The type system""], [""h3"", ""Real applications""], [""h3"", ""Libraries & scale""], [""h3"", ""Advanced & production""], [""h2"", ""Types check your code.Validation checks your data.""], [""h2"", ""Build a jobexecution platform.""]]",0,True,194,31,200,0,0,,False,0,200,,WebSite;WebPage,True,348
after,https://typescript.robertdevore.com/research/,scripts/build.mjs,research,Sources & versions · TypeScript Course,38,"The course's verified TypeScript baseline, evidence ledger, and release status.",79,https://typescript.robertdevore.com/research/,,en,,Sources & versions · TypeScript Course,"The course's verified TypeScript baseline, evidence ledger, and release status.",https://typescript.robertdevore.com/research/,website,https://typescript.robertdevore.com/assets/social.png,summary_large_image,False,False,,True,0,0,200,4a85cb8a8743638e76c743ab21710f6c3dcf395cc254282675f1c7df6d5e237f,29,Sources & versions,"[[""h1"", ""Sources & versions""], [""h2"", ""Stable teaching baseline""], [""h2"", ""Authoritative source ledger""], [""h2"", ""Contributor reference lenses""], [""h2"", ""Verification policy""]]",0,True,100,18,200,0,0,,False,1,200,,WebSite;WebPage;BreadcrumbList,True,717
after,https://typescript.robertdevore.com/labs/browser/,labs/browser/index.html,labs,Browser boundary lab · TypeScript Course,40,,0,https://typescript.robertdevore.com/labs/browser/,"noindex,follow",en,,,,,,,,False,False,,False,0,0,200,0b84ff98ed3c6a829232d891198f1c37b92d5b348df68750c74112c88f49dd62,0,Check the actual element.,"[[""h1"", ""Check the actual element.""]]",0,False,1,1,200,0,0,,False,2,200,,,False,42
after,https://typescript.robertdevore.com/course/,scripts/build.mjs,course,The complete learning path · TypeScript Course,46,"All 36 TypeScript lessons and five milestone builds in order, with local progress and clear checkpoints.",104,https://typescript.robertdevore.com/course/,,en,,The complete learning path · TypeScript Course,"All 36 TypeScript lessons and five milestone builds in order, with local progress and clear checkpoints.",https://typescript.robertdevore.com/course/,website,https://typescript.robertdevore.com/assets/social.png,summary_large_image,False,False,,True,0,0,200,41394209bbfaa57fa449d60abc97f74cbb95b84a22580d45cd4d4175fc02390d,2,Your TypeScriptlearning path.,"[[""h1"", ""Your TypeScriptlearning path.""], [""h2"", ""Foundations""], [""h2"", ""The type system""], [""h2"", ""Real applications""], [""h2"", ""Libraries & scale""], [""h2"", ""Advanced & production""]]",0,True,240,59,200,0,0,,False,1,200,,WebSite;CollectionPage;BreadcrumbList,True,315
after,https://typescript.robertdevore.com/tracks/,scripts/build.mjs,tracks,Optional specialization tracks · TypeScript Course,50,"Continue into backend, frontend, library, type-level, tooling, or enterprise TypeScript.",88,https://typescript.robertdevore.com/tracks/,,en,,Optional specialization tracks · TypeScript Course,"Continue into backend, frontend, library, type-level, tooling, or enterprise TypeScript.",https://typescript.robertdevore.com/tracks/,website,https://typescript.robertdevore.com/assets/social.png,summary_large_image,False,False,,True,0,0,200,9a7e08016ec69b0cacc3502bfea038ac0b92965694216689a96676d04292a058,2,Optional specialization tracks,"[[""h1"", ""Optional specialization tracks""], [""h2"", ""Backend TypeScript""], [""h2"", ""Frontend TypeScript""], [""h2"", ""Library engineering""], [""h2"", ""Type-level TypeScript""], [""h2"", ""Tooling & compiler APIs""], [""h2"", ""Monorepo & enterprise TypeScript""]]",0,True,51,28,200,0,0,,False,1,200,,WebSite;WebPage;BreadcrumbList,True,533
after,https://typescript.robertdevore.com/about/,scripts/build.mjs,about,About the course · TypeScript Course,36,How to study this independent TypeScript course and verify your work.,69,https://typescript.robertdevore.com/about/,,en,,About the course · TypeScript Course,How to study this independent TypeScript course and verify your work.,https://typescript.robertdevore.com/about/,website,https://typescript.robertdevore.com/assets/social.png,summary_large_image,False,False,,True,0,0,200,6c0b642fd7bfdf7f7836d0513849de34795250af4ac1dd6bee83cc70cb48d043,4,About the course,"[[""h1"", ""About the course""], [""h2"", ""How to study""], [""h2"", ""Get the runnable course""], [""h2"", ""Find an answer""], [""h2"", ""Progress and privacy""], [""h2"", ""Versions and sources""], [""h2"", ""Author and references""]]",0,True,99,22,200,0,0,,False,1,200,,WebSite;AboutPage;BreadcrumbList,True,520
after,https://typescript.robertdevore.com/builds/package-consumer/,content/builds/04-package-consumer.md,builds,Build 4: package & independent consumer · TypeScript Course,59,Prepare a releasable package and prove its runtime and declaration contracts from a fresh install.,98,https://typescript.robertdevore.com/builds/package-consumer/,,en,,Build 4: package & independent consumer · TypeScript Course,Prepare a releasable package and prove its runtime and declaration contracts from a fresh install.,https://typescript.robertdevore.com/builds/package-consumer/,website,https://typescript.robertdevore.com/assets/og/package-consumer.png,summary_large_image,False,False,,True,0,0,200,e93c0d95d6e9b25cba87c6a852681aeffaeaf48bca58d4cea45657550ba5011e,2,Build 4: package & independent consumer,"[[""h1"", ""Build 4: package & independent consumer""], [""h2"", ""The brief""], [""h2"", ""Milestone 1 \u2014 Define the support envelope""], [""h2"", ""Milestone 2 \u2014 Produce both artifacts""], [""h2"", ""Milestone 3 \u2014 Configure package exports""], [""h2"", ""Milestone 4 \u2014 Inspect the tarball""], [""h2"", ""Milestone 5 \u2014 Install outside the workspace""], [""h2"", ""Milestone 6 \u2014 Review compatibility""], [""h2"", ""Type-checker drill""], [""h2"", ""Runtime-boundary drill""], [""h2"", ""Documentation and release notes""], [""h2"", ""Review rubric""], [""h2"", ""Completion checkpoint""]]",0,True,58,75,200,0,0,,False,2,200,,WebSite;WebPage;LearningResource;BreadcrumbList,True,839
after,https://typescript.robertdevore.com/builds/capstone/,content/builds/05-capstone.md,builds,Capstone: typed job execution platform · TypeScript Course,58,"Design, implement, test, package, and operate a complete job system through explicit milestones.",96,https://typescript.robertdevore.com/builds/capstone/,,en,,Capstone: typed job execution platform · TypeScript Course,"Design, implement, test, package, and operate a complete job system through explicit milestones.",https://typescript.robertdevore.com/builds/capstone/,website,https://typescript.robertdevore.com/assets/og/capstone.png,summary_large_image,False,False,,True,0,0,200,cf8d0c713a3a1e9880ed939bce9e73d44169dba3c9d0ddc841652de87487c585,2,Capstone: typed job execution platform,"[[""h1"", ""Capstone: typed job execution platform""], [""h2"", ""The brief""], [""h2"", ""Deliverables""], [""h2"", ""Milestone 1 \u2014 Model identity and state""], [""h2"", ""Milestone 2 \u2014 Establish runtime contracts""], [""h2"", ""Milestone 3 \u2014 Build the executor""], [""h2"", ""Milestone 4 \u2014 Persist and recover""], [""h2"", ""Milestone 5 \u2014 Expose HTTP and CLI adapters""], [""h2"", ""Milestone 6 \u2014 Package the owned contracts""], [""h2"", ""Milestone 7 \u2014 Own production lifecycle""], [""h2"", ""Milestone 8 \u2014 Release and defend the design""], [""h2"", ""Final review rubric""], [""h2"", ""Diagnostic challenge""], [""h2"", ""Completion checkpoint""]]",0,True,59,76,200,0,0,,False,1,200,,WebSite;WebPage;LearningResource;BreadcrumbList,True,1350
after,https://typescript.robertdevore.com/builds/data-utility/,content/builds/01-data-utility.md,builds,Build 1: command-line data utility · TypeScript Course,54,"Parse a local job file, reject malformed input, and print an honest summary.",76,https://typescript.robertdevore.com/builds/data-utility/,,en,,Build 1: command-line data utility · TypeScript Course,"Parse a local job file, reject malformed input, and print an honest summary.",https://typescript.robertdevore.com/builds/data-utility/,website,https://typescript.robertdevore.com/assets/og/data-utility.png,summary_large_image,False,False,,True,0,0,200,da88f77e203787d55282acb0252b945c241c07dea5be698bd3f8c4061ac54527,2,Build 1: command-line data utility,"[[""h1"", ""Build 1: command-line data utility""], [""h2"", ""The brief""], [""h2"", ""Inputs and outputs""], [""h2"", ""Milestone 1 \u2014 Own the toolchain""], [""h2"", ""Milestone 2 \u2014 Parse unknown input""], [""h2"", ""Milestone 3 \u2014 Model outcomes""], [""h2"", ""Milestone 4 \u2014 Verify the process boundary""], [""h2"", ""Type-checker drill""], [""h2"", ""Runtime-boundary drill""], [""h2"", ""Compare after implementation""], [""h2"", ""Review questions""], [""h2"", ""Completion checkpoint""]]",0,True,57,74,200,0,0,,False,2,200,,WebSite;WebPage;LearningResource;BreadcrumbList,True,888
after,https://typescript.robertdevore.com/builds/library-cli/,content/builds/02-library-cli.md,builds,Build 2: reusable library & CLI · TypeScript Course,51,"Extract domain behavior, preserve inference, and test both runtime and public type contracts.",93,https://typescript.robertdevore.com/builds/library-cli/,,en,,Build 2: reusable library & CLI · TypeScript Course,"Extract domain behavior, preserve inference, and test both runtime and public type contracts.",https://typescript.robertdevore.com/builds/library-cli/,website,https://typescript.robertdevore.com/assets/og/library-cli.png,summary_large_image,False,False,,True,0,0,200,3f19622165b9c4e6dfabb9e796ed65d4252577d02696713bb9f147fd9c19a3e3,2,Build 2: reusable library & CLI,"[[""h1"", ""Build 2: reusable library & CLI""], [""h2"", ""The brief""], [""h2"", ""Public domain contract""], [""h2"", ""Milestone 1 \u2014 Separate ownership""], [""h2"", ""Milestone 2 \u2014 Use precise results""], [""h2"", ""Milestone 3 \u2014 Add one justified generic""], [""h2"", ""Milestone 4 \u2014 Test runtime contracts""], [""h2"", ""Milestone 5 \u2014 Test type contracts""], [""h2"", ""Runtime-boundary drill""], [""h2"", ""Type-checker drill""], [""h2"", ""Compare after implementation""], [""h2"", ""Review rubric""], [""h2"", ""Completion checkpoint""]]",0,True,58,75,200,0,0,,False,2,200,,WebSite;WebPage;LearningResource;BreadcrumbList,True,883
after,https://typescript.robertdevore.com/builds/application/,content/builds/03-application.md,builds,Build 3: validated HTTP application · TypeScript Course,55,"Build a bounded, observable Node service with a real external boundary and graceful lifecycle.",94,https://typescript.robertdevore.com/builds/application/,,en,,Build 3: validated HTTP application · TypeScript Course,"Build a bounded, observable Node service with a real external boundary and graceful lifecycle.",https://typescript.robertdevore.com/builds/application/,website,https://typescript.robertdevore.com/assets/og/application.png,summary_large_image,False,False,,True,0,0,200,9abc9e4a78660139254d0cf029786a57cb5c15a4ff4337854d7b4cb978672015,2,Build 3: validated HTTP application,"[[""h1"", ""Build 3: validated HTTP application""], [""h2"", ""The brief""], [""h2"", ""Observable contract""], [""h2"", ""Milestone 1 \u2014 Parse startup configuration""], [""h2"", ""Milestone 2 \u2014 Build a trustworthy client""], [""h2"", ""Milestone 3 \u2014 Own application concurrency""], [""h2"", ""Milestone 4 \u2014 Make errors and logs useful""], [""h2"", ""Milestone 5 \u2014 Shut down gracefully""], [""h2"", ""Milestone 6 \u2014 Test both seams and real HTTP""], [""h2"", ""Type-checker and runtime drills""], [""h2"", ""Production review""], [""h2"", ""Completion checkpoint""]]",0,True,57,74,200,0,0,,False,2,200,,WebSite;WebPage;LearningResource;BreadcrumbList,True,940
after,https://typescript.robertdevore.com/search/,scripts/build.mjs,search,Search the course · TypeScript Course,37,"Search TypeScript concepts, compiler errors, and practical reference topics.",76,https://typescript.robertdevore.com/search/,"noindex,follow",en,,Search the course · TypeScript Course,"Search TypeScript concepts, compiler errors, and practical reference topics.",https://typescript.robertdevore.com/search/,website,https://typescript.robertdevore.com/assets/social.png,summary_large_image,False,False,,False,0,0,200,25119ca17d489a1f3680996f34b7bd73cbc3a56c46f8f3be35ea1788fef701fb,2,Search the course.,"[[""h1"", ""Search the course.""]]",0,False,101,19,200,0,0,,False,1,200,,,False,35
after,https://typescript.robertdevore.com/lessons/generics/,content/lessons/11-generics.md,lessons,Generics & type relationships · TypeScript Course,49,Design reusable functions whose outputs retain useful information about their inputs.,85,https://typescript.robertdevore.com/lessons/generics/,,en,,Generics & type relationships · TypeScript Course,Design reusable functions whose outputs retain useful information about their inputs.,https://typescript.robertdevore.com/lessons/generics/,website,https://typescript.robertdevore.com/assets/og/generics.png,summary_large_image,False,False,,True,0,0,200,6b326cccc95d450df897052a1b1c634d74785afe3ff74ea2b7129b5c213cfa71,4,Generics & type relationships,"[[""h1"", ""Generics & type relationships""], [""h2"", ""Where you are""], [""h2"", ""Mental model""], [""h2"", ""JavaScript reality""], [""h2"", ""TypeScript model""], [""h2"", ""Working example""], [""h2"", ""Type-checker drill""], [""h2"", ""Runtime drill""], [""h2"", ""Professional pattern""], [""h2"", ""Exercise""], [""h2"", ""Checkpoint""], [""h2"", ""Sources""], [""h2"", ""Type explorer""]]",0,True,59,75,200,0,0,,False,2,200,,WebSite;WebPage;LearningResource;BreadcrumbList,True,835
after,https://typescript.robertdevore.com/lessons/publishing/,content/lessons/28-publishing.md,lessons,Publishing typed packages · TypeScript Course,45,"Test the tarball that consumers install, including exports, declarations, and compatibility.",92,https://typescript.robertdevore.com/lessons/publishing/,,en,,Publishing typed packages · TypeScript Course,"Test the tarball that consumers install, including exports, declarations, and compatibility.",https://typescript.robertdevore.com/lessons/publishing/,website,https://typescript.robertdevore.com/assets/og/publishing.png,summary_large_image,False,False,,True,0,0,200,37d8054bf78dcdbb75fc12f9ae43e9cf7cc760067d445064fd6444258081a3d7,5,Publishing typed packages,"[[""h1"", ""Publishing typed packages""], [""h2"", ""Where you are""], [""h2"", ""Mental model""], [""h2"", ""Runtime and package-manager reality""], [""h2"", ""TypeScript model""], [""h2"", ""Working example""], [""h2"", ""Package workflow""], [""h2"", ""Type-checker drill""], [""h2"", ""Runtime drill""], [""h2"", ""Professional pattern""], [""h2"", ""Exercise""], [""h2"", ""Checkpoint""], [""h2"", ""Sources""]]",0,True,59,76,200,0,0,,False,2,200,,WebSite;WebPage;LearningResource;BreadcrumbList,True,732
after,https://typescript.robertdevore.com/lessons/mapped-types/,content/lessons/13-mapped-types.md,lessons,Mapped types · TypeScript Course,32,Transform property types without confusing type changes with runtime changes.,77,https://typescript.robertdevore.com/lessons/mapped-types/,,en,,Mapped types · TypeScript Course,Transform property types without confusing type changes with runtime changes.,https://typescript.robertdevore.com/lessons/mapped-types/,website,https://typescript.robertdevore.com/assets/og/mapped-types.png,summary_large_image,False,False,,True,0,0,200,eb17088dd79b2d28653ce6488ef6213b18bcf1eca85eeac3537218afbb13891b,4,Mapped types,"[[""h1"", ""Mapped types""], [""h2"", ""Where you are""], [""h2"", ""Mental model""], [""h2"", ""JavaScript reality""], [""h2"", ""TypeScript model""], [""h2"", ""Working example""], [""h2"", ""Type-checker drill""], [""h2"", ""Runtime drill""], [""h2"", ""Professional pattern""], [""h2"", ""Exercise""], [""h2"", ""Checkpoint""], [""h2"", ""Sources""]]",0,True,57,74,200,0,0,,False,2,200,,WebSite;WebPage;LearningResource;BreadcrumbList,True,793
after,https://typescript.robertdevore.com/lessons/interfaces-and-aliases/,content/lessons/06-interfaces-and-aliases.md,lessons,Interfaces & type aliases · TypeScript Course,45,Choose interfaces or type aliases to suit your data and public APIs.,68,https://typescript.robertdevore.com/lessons/interfaces-and-aliases/,,en,,Interfaces & type aliases · TypeScript Course,Choose interfaces or type aliases to suit your data and public APIs.,https://typescript.robertdevore.com/lessons/interfaces-and-aliases/,website,https://typescript.robertdevore.com/assets/og/interfaces-and-aliases.png,summary_large_image,False,False,,True,0,0,200,e23bbce0fc562e37a4a6ff3465e237561210487b33953d33de8635c44d8cf30b,4,Interfaces & type aliases,"[[""h1"", ""Interfaces & type aliases""], [""h2"", ""Where you are""], [""h2"", ""Mental model""], [""h2"", ""JavaScript reality""], [""h2"", ""TypeScript model""], [""h2"", ""Working example""], [""h2"", ""Type-checker drill""], [""h2"", ""Runtime drill""], [""h2"", ""Professional pattern""], [""h2"", ""Common failure modes""], [""h2"", ""Exercise""], [""h2"", ""Checkpoint""], [""h2"", ""Sources""]]",0,True,58,75,200,0,0,,False,2,200,,WebSite;WebPage;LearningResource;BreadcrumbList,True,875
after,https://typescript.robertdevore.com/lessons/http-clients/,content/lessons/22-http-clients.md,lessons,HTTP clients & external APIs · TypeScript Course,48,"Build an HTTP client that checks responses and handles failures, retries, and cancellation.",91,https://typescript.robertdevore.com/lessons/http-clients/,,en,,HTTP clients & external APIs · TypeScript Course,"Build an HTTP client that checks responses and handles failures, retries, and cancellation.",https://typescript.robertdevore.com/lessons/http-clients/,website,https://typescript.robertdevore.com/assets/og/http-clients.png,summary_large_image,False,False,,True,0,0,200,c174502da87dd11f7afaabedf7e50cd7d6299bbec84dd1b1f8d2e0079f770898,4,HTTP clients & external APIs,"[[""h1"", ""HTTP clients & external APIs""], [""h2"", ""Where you are""], [""h2"", ""Mental model""], [""h2"", ""JavaScript and HTTP reality""], [""h2"", ""TypeScript model""], [""h2"", ""Working example""], [""h2"", ""Type-checker drill""], [""h2"", ""Retry, pagination, and rate limits""], [""h2"", ""Runtime drill""], [""h2"", ""Exercise""], [""h2"", ""Checkpoint""], [""h2"", ""Sources""]]",0,True,57,74,200,0,0,,False,2,200,,WebSite;WebPage;LearningResource;BreadcrumbList,True,817
after,https://typescript.robertdevore.com/lessons/javascript-migration/,content/lessons/31-javascript-migration.md,lessons,Migrating JavaScript safely · TypeScript Course,47,"Adopt TypeScript a step at a time with checked JavaScript, JSDoc, and typed boundaries.",87,https://typescript.robertdevore.com/lessons/javascript-migration/,,en,,Migrating JavaScript safely · TypeScript Course,"Adopt TypeScript a step at a time with checked JavaScript, JSDoc, and typed boundaries.",https://typescript.robertdevore.com/lessons/javascript-migration/,website,https://typescript.robertdevore.com/assets/og/javascript-migration.png,summary_large_image,False,False,,True,0,0,200,25f933a0b014e4733a32c8679a764c4f0cb6d77e2f5c8b32828a0a3da7873c83,5,Migrating JavaScript safely,"[[""h1"", ""Migrating JavaScript safely""], [""h2"", ""Where you are""], [""h2"", ""Mental model""], [""h2"", ""JavaScript reality""], [""h2"", ""TypeScript model""], [""h2"", ""Working example""], [""h2"", ""A gradual configuration""], [""h2"", ""Type-checker drill""], [""h2"", ""Runtime drill""], [""h2"", ""Professional pattern""], [""h2"", ""Exercise""], [""h2"", ""Checkpoint""], [""h2"", ""Sources""]]",0,True,58,75,200,0,0,,False,2,200,,WebSite;WebPage;LearningResource;BreadcrumbList,True,721
after,https://typescript.robertdevore.com/lessons/variance/,content/lessons/17-variance.md,lessons,Variance & function compatibility · TypeScript Course,53,Debug callback assignability using the values an implementation can actually handle.,84,https://typescript.robertdevore.com/lessons/variance/,,en,,Variance & function compatibility · TypeScript Course,Debug callback assignability using the values an implementation can actually handle.,https://typescript.robertdevore.com/lessons/variance/,website,https://typescript.robertdevore.com/assets/og/variance.png,summary_large_image,False,False,,True,0,0,200,e497149d52033d991cce2315a1cd8aba1999201c7f6b50513a08abf7dc4a026f,4,Variance & function compatibility,"[[""h1"", ""Variance & function compatibility""], [""h2"", ""Where you are""], [""h2"", ""Mental model""], [""h2"", ""JavaScript reality""], [""h2"", ""TypeScript model""], [""h2"", ""Working example""], [""h2"", ""Type-checker drill""], [""h2"", ""Runtime drill""], [""h2"", ""Professional pattern""], [""h2"", ""Exercise""], [""h2"", ""Checkpoint""], [""h2"", ""Sources""]]",0,True,57,75,200,0,0,,False,2,200,,WebSite;WebPage;LearningResource;BreadcrumbList,True,803
after,https://typescript.robertdevore.com/lessons/assertions-const-satisfies/,content/lessons/10-assertions-const-satisfies.md,lessons,"Assertions, as const & satisfies · TypeScript Course",52,"Compare annotations, assertions, const assertions, and satisfies.",65,https://typescript.robertdevore.com/lessons/assertions-const-satisfies/,,en,,"Assertions, as const & satisfies · TypeScript Course","Compare annotations, assertions, const assertions, and satisfies.",https://typescript.robertdevore.com/lessons/assertions-const-satisfies/,website,https://typescript.robertdevore.com/assets/og/assertions-const-satisfies.png,summary_large_image,False,False,,True,0,0,200,a5ab07311b09087e2138a1a7007374645f79bc803f8bb05515312f469452ecc2,4,"Assertions, as const & satisfies","[[""h1"", ""Assertions, as const & satisfies""], [""h2"", ""Where you are""], [""h2"", ""Mental model""], [""h2"", ""JavaScript reality""], [""h2"", ""TypeScript model""], [""h2"", ""Working example""], [""h2"", ""Type-checker drill""], [""h2"", ""Runtime drill""], [""h2"", ""Professional pattern""], [""h2"", ""Exercise""], [""h2"", ""Checkpoint""], [""h2"", ""Sources""], [""h2"", ""Type explorer""]]",0,True,58,75,200,0,0,,False,2,200,,WebSite;WebPage;LearningResource;BreadcrumbList,True,788
after,https://typescript.robertdevore.com/lessons/declaration-files/,content/lessons/27-declaration-files.md,lessons,Declaration files · TypeScript Course,37,"Read, write, and test declaration files that describe JavaScript APIs.",70,https://typescript.robertdevore.com/lessons/declaration-files/,,en,,Declaration files · TypeScript Course,"Read, write, and test declaration files that describe JavaScript APIs.",https://typescript.robertdevore.com/lessons/declaration-files/,website,https://typescript.robertdevore.com/assets/og/declaration-files.png,summary_large_image,False,False,,True,0,0,200,ea91eebd5a5832b69609842ac47af06d93bab6548020ba1db497c194b89c9e49,5,Declaration files,"[[""h1"", ""Declaration files""], [""h2"", ""Where you are""], [""h2"", ""Mental model""], [""h2"", ""JavaScript reality""], [""h2"", ""TypeScript model""], [""h2"", ""Working example""], [""h2"", ""Type-checker drill""], [""h2"", ""Runtime drill""], [""h2"", ""Professional pattern""], [""h2"", ""Exercise""], [""h2"", ""Checkpoint""], [""h2"", ""Sources""], [""h2"", ""Type explorer""]]",0,True,58,75,200,0,0,,False,2,200,,WebSite;WebPage;LearningResource;BreadcrumbList,True,793
after,https://typescript.robertdevore.com/lessons/compiler-tooling/,content/lessons/35-compiler-tooling.md,lessons,"Compiler, language service & LSP · TypeScript Course",52,Learn how the compiler and language service produce diagnostics and editor feedback.,84,https://typescript.robertdevore.com/lessons/compiler-tooling/,,en,,"Compiler, language service & LSP · TypeScript Course",Learn how the compiler and language service produce diagnostics and editor feedback.,https://typescript.robertdevore.com/lessons/compiler-tooling/,website,https://typescript.robertdevore.com/assets/og/compiler-tooling.png,summary_large_image,False,False,,True,0,0,200,0f42104fc33f4d5cf944c8a0ee96af1bb5d2ad80a53c49192ed1fdb900ff910a,5,"Compiler, language service & LSP","[[""h1"", ""Compiler, language service & LSP""], [""h2"", ""Where you are""], [""h2"", ""Mental model""], [""h2"", ""JavaScript and tooling reality""], [""h2"", ""TypeScript 7 model""], [""h2"", ""Working example""], [""h2"", ""Type-checker drill""], [""h2"", ""Runtime drill""], [""h2"", ""Professional pattern""], [""h2"", ""Exercise""], [""h2"", ""Checkpoint""], [""h2"", ""Sources""], [""h2"", ""Type explorer""]]",0,True,59,75,200,0,0,,False,2,200,,WebSite;WebPage;LearningResource;BreadcrumbList,True,755
after,https://typescript.robertdevore.com/lessons/runtime-validation/,content/lessons/20-runtime-validation.md,lessons,Runtime validation & trusted boundaries · TypeScript Course,59,Parse external data before using it as a trusted application value.,67,https://typescript.robertdevore.com/lessons/runtime-validation/,,en,,Runtime validation & trusted boundaries · TypeScript Course,Parse external data before using it as a trusted application value.,https://typescript.robertdevore.com/lessons/runtime-validation/,website,https://typescript.robertdevore.com/assets/og/runtime-validation.png,summary_large_image,False,False,,True,0,0,200,92f0ee89bb154cfe68a6467b8905ea693af734992579051109d021a521f0c761,4,Runtime validation & trusted boundaries,"[[""h1"", ""Runtime validation & trusted boundaries""], [""h2"", ""Where you are""], [""h2"", ""Mental model""], [""h2"", ""JavaScript reality""], [""h2"", ""TypeScript model""], [""h2"", ""Working example""], [""h2"", ""Type-checker drill""], [""h2"", ""Runtime drill""], [""h2"", ""Professional pattern""], [""h2"", ""Exercise""], [""h2"", ""Checkpoint""], [""h2"", ""Sources""]]",0,True,59,74,200,0,0,,False,1,200,,WebSite;WebPage;LearningResource;BreadcrumbList,True,814
after,https://typescript.robertdevore.com/lessons/library-design/,content/lessons/26-library-design.md,lessons,Designing library APIs · TypeScript Course,42,"Build APIs with useful inference, clear diagnostics, and stable behavior.",73,https://typescript.robertdevore.com/lessons/library-design/,,en,,Designing library APIs · TypeScript Course,"Build APIs with useful inference, clear diagnostics, and stable behavior.",https://typescript.robertdevore.com/lessons/library-design/,website,https://typescript.robertdevore.com/assets/og/library-design.png,summary_large_image,False,False,,True,0,0,200,840f9417797b21e0a80c5d1883b4570d0dbb89c1322766da06a895fb57e64e6d,4,Designing library APIs,"[[""h1"", ""Designing library APIs""], [""h2"", ""Where you are""], [""h2"", ""Mental model""], [""h2"", ""JavaScript reality""], [""h2"", ""TypeScript model""], [""h2"", ""Working example""], [""h2"", ""Type-checker drill""], [""h2"", ""Runtime drill""], [""h2"", ""Professional pattern""], [""h2"", ""Exercise""], [""h2"", ""Checkpoint""], [""h2"", ""Sources""], [""h2"", ""Type explorer""]]",0,True,59,75,200,0,0,,False,1,200,,WebSite;WebPage;LearningResource;BreadcrumbList,True,751
after,https://typescript.robertdevore.com/lessons/template-literal-types/,content/lessons/15-template-literal-types.md,lessons,Template literal types · TypeScript Course,42,Define event names and route patterns with string literal types.,64,https://typescript.robertdevore.com/lessons/template-literal-types/,,en,,Template literal types · TypeScript Course,Define event names and route patterns with string literal types.,https://typescript.robertdevore.com/lessons/template-literal-types/,website,https://typescript.robertdevore.com/assets/og/template-literal-types.png,summary_large_image,False,False,,True,0,0,200,172c7bf373970fc4be031055ed8cef90ea4676f95afec74df0125821082d6c31,3,Template literal types,"[[""h1"", ""Template literal types""], [""h2"", ""Where you are""], [""h2"", ""Mental model""], [""h2"", ""JavaScript reality""], [""h2"", ""TypeScript model""], [""h2"", ""Working example""], [""h2"", ""Type-checker drill""], [""h2"", ""Runtime drill""], [""h2"", ""Professional pattern""], [""h2"", ""Exercise""], [""h2"", ""Checkpoint""], [""h2"", ""Sources""]]",0,True,57,74,200,0,0,,False,2,200,,WebSite;WebPage;LearningResource;BreadcrumbList,True,683
after,https://typescript.robertdevore.com/lessons/tsconfig/,content/lessons/18-tsconfig.md,lessons,Configuring TypeScript · TypeScript Course,42,"Choose compiler settings for your runtime, build, and packages.",63,https://typescript.robertdevore.com/lessons/tsconfig/,,en,,Configuring TypeScript · TypeScript Course,"Choose compiler settings for your runtime, build, and packages.",https://typescript.robertdevore.com/lessons/tsconfig/,website,https://typescript.robertdevore.com/assets/og/tsconfig.png,summary_large_image,False,False,,True,0,0,200,cb1121db242ec89fa2c4a984d4c2e90fc896f75054f3686eefc580579f2abcf6,4,Configuring TypeScript,"[[""h1"", ""Configuring TypeScript""], [""h2"", ""Where you are""], [""h2"", ""Mental model""], [""h2"", ""Runtime and tooling reality""], [""h2"", ""TypeScript model""], [""h2"", ""Working example""], [""h2"", ""Type-checker drill""], [""h2"", ""Runtime drill""], [""h2"", ""Professional pattern""], [""h2"", ""Exercise""], [""h2"", ""Checkpoint""], [""h2"", ""Sources""]]",0,True,59,74,200,0,0,,False,1,200,,WebSite;WebPage;LearningResource;BreadcrumbList,True,792
after,https://typescript.robertdevore.com/lessons/values-and-types/,content/lessons/02-values-and-types.md,lessons,JavaScript values & TypeScript types · TypeScript Course,56,Separate runtime values from static types and learn when inference is enough.,77,https://typescript.robertdevore.com/lessons/values-and-types/,,en,,JavaScript values & TypeScript types · TypeScript Course,Separate runtime values from static types and learn when inference is enough.,https://typescript.robertdevore.com/lessons/values-and-types/,website,https://typescript.robertdevore.com/assets/og/values-and-types.png,summary_large_image,False,False,,True,0,0,200,4dffbdaa16ac26a3e988ba358081457a764b83db11d14df78dd73f0fcc5bae38,4,JavaScript values & TypeScript types,"[[""h1"", ""JavaScript values & TypeScript types""], [""h2"", ""Where you are""], [""h2"", ""Mental model""], [""h2"", ""JavaScript reality""], [""h2"", ""TypeScript model""], [""h2"", ""Working example""], [""h2"", ""Type-checker drill""], [""h2"", ""Runtime drill""], [""h2"", ""Professional pattern""], [""h2"", ""Common failure modes""], [""h2"", ""Exercise""], [""h2"", ""Checkpoint""], [""h2"", ""Sources""], [""h2"", ""Type explorer""]]",0,True,59,76,200,0,0,,False,2,200,,WebSite;WebPage;LearningResource;BreadcrumbList,True,913
after,https://typescript.robertdevore.com/lessons/async/,content/lessons/21-async.md,lessons,Async TypeScript & cancellation · TypeScript Course,51,Understand promises and scheduling before modeling concurrent operations.,73,https://typescript.robertdevore.com/lessons/async/,,en,,Async TypeScript & cancellation · TypeScript Course,Understand promises and scheduling before modeling concurrent operations.,https://typescript.robertdevore.com/lessons/async/,website,https://typescript.robertdevore.com/assets/og/async.png,summary_large_image,False,False,,True,0,0,200,10743462fd54878664476ceb6e185d2dbe00493344e51e774e4e6aa309e09208,4,Async TypeScript & cancellation,"[[""h1"", ""Async TypeScript & cancellation""], [""h2"", ""Where you are""], [""h2"", ""JavaScript reality""], [""h2"", ""Mental model""], [""h2"", ""TypeScript model""], [""h2"", ""Working example""], [""h2"", ""Type-checker drill""], [""h2"", ""Runtime drill""], [""h2"", ""Async iteration and streams""], [""h2"", ""Professional pattern""], [""h2"", ""Exercise""], [""h2"", ""Checkpoint""], [""h2"", ""Sources""]]",0,True,59,75,200,0,0,,False,2,200,,WebSite;WebPage;LearningResource;BreadcrumbList,True,804
after,https://typescript.robertdevore.com/lessons/setup/,content/lessons/01-setup.md,lessons,Modern TypeScript setup · TypeScript Course,43,"Set up a project, check your code, and run the JavaScript it produces.",70,https://typescript.robertdevore.com/lessons/setup/,,en,,Modern TypeScript setup · TypeScript Course,"Set up a project, check your code, and run the JavaScript it produces.",https://typescript.robertdevore.com/lessons/setup/,website,https://typescript.robertdevore.com/assets/og/setup.png,summary_large_image,False,False,,True,0,0,200,bc75548ab8823bbed6480cffffffcc4c27f07a47a25c7e5898cdb35f0e542328,5,Modern TypeScript setup,"[[""h1"", ""Modern TypeScript setup""], [""h2"", ""Where you are""], [""h2"", ""Why this matters""], [""h2"", ""Mental model""], [""h2"", ""JavaScript reality""], [""h2"", ""Install a local toolchain""], [""h2"", ""Working example""], [""h2"", ""Type-checker drill""], [""h2"", ""Runtime drill""], [""h2"", ""TypeScript 7 and development workflows""], [""h2"", ""Professional pattern""], [""h2"", ""Exercise""], [""h2"", ""Checkpoint""], [""h2"", ""Sources""]]",0,True,60,75,200,0,0,,False,1,200,,WebSite;WebPage;LearningResource;BreadcrumbList,True,1031
after,https://typescript.robertdevore.com/lessons/shipping/,content/lessons/36-shipping.md,lessons,Shipping & maintaining TypeScript · TypeScript Course,53,Build reproducible releases and check that upgrades preserve your public APIs.,78,https://typescript.robertdevore.com/lessons/shipping/,,en,,Shipping & maintaining TypeScript · TypeScript Course,Build reproducible releases and check that upgrades preserve your public APIs.,https://typescript.robertdevore.com/lessons/shipping/,website,https://typescript.robertdevore.com/assets/og/shipping.png,summary_large_image,False,False,,True,0,0,200,ef321c8d96ef34933a311feb7c3b9601f5072ef6d984470f42e3f8486d7f44f0,5,Shipping & maintaining TypeScript,"[[""h1"", ""Shipping & maintaining TypeScript""], [""h2"", ""Where you are""], [""h2"", ""Mental model""], [""h2"", ""Runtime and tooling reality""], [""h2"", ""TypeScript model""], [""h2"", ""Working example""], [""h2"", ""Type-checker drill""], [""h2"", ""Release procedure""], [""h2"", ""Runtime drill""], [""h2"", ""Professional pattern""], [""h2"", ""Exercise""], [""h2"", ""Checkpoint""], [""h2"", ""Sources""]]",0,True,58,76,200,0,0,,False,2,200,,WebSite;WebPage;LearningResource;BreadcrumbList,True,793
after,https://typescript.robertdevore.com/lessons/workspaces/,content/lessons/29-workspaces.md,lessons,Workspaces & project boundaries · TypeScript Course,51,Organize packages and builds so dependencies stay clear as the repository grows.,80,https://typescript.robertdevore.com/lessons/workspaces/,,en,,Workspaces & project boundaries · TypeScript Course,Organize packages and builds so dependencies stay clear as the repository grows.,https://typescript.robertdevore.com/lessons/workspaces/,website,https://typescript.robertdevore.com/assets/og/workspaces.png,summary_large_image,False,False,,True,0,0,200,873f2cc632d678eb2363b28fa2b4950cb54869aaf1c7764c766085926971c0a2,5,Workspaces & project boundaries,"[[""h1"", ""Workspaces & project boundaries""], [""h2"", ""Where you are""], [""h2"", ""Mental model""], [""h2"", ""JavaScript and package reality""], [""h2"", ""TypeScript model""], [""h2"", ""Working example""], [""h2"", ""Reference layout""], [""h2"", ""Type-checker drill""], [""h2"", ""Runtime drill""], [""h2"", ""Professional pattern""], [""h2"", ""Exercise""], [""h2"", ""Checkpoint""], [""h2"", ""Sources""]]",0,True,59,75,200,0,0,,False,2,200,,WebSite;WebPage;LearningResource;BreadcrumbList,True,752
after,https://typescript.robertdevore.com/lessons/testing/,content/lessons/23-testing.md,lessons,Runtime tests & type tests · TypeScript Course,46,"Test runtime behavior, inferred types, rejected inputs, and integrations.",73,https://typescript.robertdevore.com/lessons/testing/,,en,,Runtime tests & type tests · TypeScript Course,"Test runtime behavior, inferred types, rejected inputs, and integrations.",https://typescript.robertdevore.com/lessons/testing/,website,https://typescript.robertdevore.com/assets/og/testing.png,summary_large_image,False,False,,True,0,0,200,d9b55809252c4056036f367fe2aa6321608f6026b525419ca648cb76530b1ac1,4,Runtime tests & type tests,"[[""h1"", ""Runtime tests & type tests""], [""h2"", ""Where you are""], [""h2"", ""Mental model""], [""h2"", ""JavaScript reality""], [""h2"", ""TypeScript model""], [""h2"", ""Working example""], [""h2"", ""Type-checker drill""], [""h2"", ""Runtime drill""], [""h2"", ""Professional pattern""], [""h2"", ""Exercise""], [""h2"", ""Checkpoint""], [""h2"", ""Sources""]]",0,True,58,74,200,0,0,,False,2,200,,WebSite;WebPage;LearningResource;BreadcrumbList,True,752
after,https://typescript.robertdevore.com/lessons/objects-arrays-tuples/,content/lessons/04-objects-arrays-tuples.md,lessons,"Objects, arrays & tuples · TypeScript Course",44,"Describe objects and collections, and understand how mutation affects them.",75,https://typescript.robertdevore.com/lessons/objects-arrays-tuples/,,en,,"Objects, arrays & tuples · TypeScript Course","Describe objects and collections, and understand how mutation affects them.",https://typescript.robertdevore.com/lessons/objects-arrays-tuples/,website,https://typescript.robertdevore.com/assets/og/objects-arrays-tuples.png,summary_large_image,False,False,,True,0,0,200,ad7cae49c2aa85bddd1eed4892adb525001a4e0d1e3b7f638146f11ea237c422,4,"Objects, arrays & tuples","[[""h1"", ""Objects, arrays & tuples""], [""h2"", ""Where you are""], [""h2"", ""Mental model""], [""h2"", ""JavaScript reality""], [""h2"", ""TypeScript model""], [""h2"", ""Working example""], [""h2"", ""Type-checker drill""], [""h2"", ""Runtime drill""], [""h2"", ""Professional pattern""], [""h2"", ""Exercise""], [""h2"", ""Checkpoint""], [""h2"", ""Sources""]]",0,True,58,74,200,0,0,,False,2,200,,WebSite;WebPage;LearningResource;BreadcrumbList,True,793
after,https://typescript.robertdevore.com/lessons/architecture/,content/lessons/34-architecture.md,lessons,Architecture for large TypeScript systems · TypeScript Course,61,"Separate domain rules, application services, and adapters with clear dependencies.",82,https://typescript.robertdevore.com/lessons/architecture/,,en,,Architecture for large TypeScript systems · TypeScript Course,"Separate domain rules, application services, and adapters with clear dependencies.",https://typescript.robertdevore.com/lessons/architecture/,website,https://typescript.robertdevore.com/assets/og/architecture.png,summary_large_image,False,False,,True,0,0,200,0fa1322eafbdd0cfc92e4929141b57ce879c3cf93390871775a5085067f30933,4,Architecture for large TypeScript systems,"[[""h1"", ""Architecture for large TypeScript systems""], [""h2"", ""Where you are""], [""h2"", ""Mental model""], [""h2"", ""JavaScript reality""], [""h2"", ""TypeScript model""], [""h2"", ""Working example""], [""h2"", ""Type-checker drill""], [""h2"", ""Runtime drill""], [""h2"", ""Professional pattern""], [""h2"", ""Exercise""], [""h2"", ""Checkpoint""], [""h2"", ""Sources""]]",0,True,58,74,200,0,0,,False,2,200,,WebSite;WebPage;LearningResource;BreadcrumbList,True,845
after,https://typescript.robertdevore.com/lessons/runtime-safety/,content/lessons/33-runtime-safety.md,lessons,Type safety versus runtime safety · TypeScript Course,53,Learn where static checks fall short and which runtime checks you still need.,77,https://typescript.robertdevore.com/lessons/runtime-safety/,,en,,Type safety versus runtime safety · TypeScript Course,Learn where static checks fall short and which runtime checks you still need.,https://typescript.robertdevore.com/lessons/runtime-safety/,website,https://typescript.robertdevore.com/assets/og/runtime-safety.png,summary_large_image,False,False,,True,0,0,200,846fbc3b872fa6b24255475a0e9d7fa2177ee60d832565a059e8dbb4582f93e6,5,Type safety versus runtime safety,"[[""h1"", ""Type safety versus runtime safety""], [""h2"", ""Where you are""], [""h2"", ""Mental model""], [""h2"", ""JavaScript reality""], [""h2"", ""TypeScript model""], [""h2"", ""Working example""], [""h2"", ""Type-checker drill""], [""h2"", ""Runtime drill""], [""h2"", ""Professional pattern""], [""h2"", ""Exercise""], [""h2"", ""Checkpoint""], [""h2"", ""Sources""]]",0,True,58,74,200,0,0,,False,2,200,,WebSite;WebPage;LearningResource;BreadcrumbList,True,703
after,https://typescript.robertdevore.com/lessons/structural-typing/,content/lessons/08-structural-typing.md,lessons,Structural typing & assignability · TypeScript Course,53,Understand why object types are compatible and when excess property checks apply.,81,https://typescript.robertdevore.com/lessons/structural-typing/,,en,,Structural typing & assignability · TypeScript Course,Understand why object types are compatible and when excess property checks apply.,https://typescript.robertdevore.com/lessons/structural-typing/,website,https://typescript.robertdevore.com/assets/og/structural-typing.png,summary_large_image,False,False,,True,0,0,200,6bc9b1e7dac9aacc7ecf34880b8bae7f72f43c5952b2cce1745fa37fe4daddca,4,Structural typing & assignability,"[[""h1"", ""Structural typing & assignability""], [""h2"", ""Where you are""], [""h2"", ""Mental model""], [""h2"", ""JavaScript reality""], [""h2"", ""TypeScript model""], [""h2"", ""Working example""], [""h2"", ""Type-checker drill""], [""h2"", ""Runtime drill""], [""h2"", ""Professional pattern""], [""h2"", ""Exercise""], [""h2"", ""Checkpoint""], [""h2"", ""Sources""]]",0,True,60,74,200,0,0,,False,1,200,,WebSite;WebPage;LearningResource;BreadcrumbList,True,743
after,https://typescript.robertdevore.com/lessons/node-application/,content/lessons/25-node-application.md,lessons,Building a Node.js application · TypeScript Course,50,"Build a Node.js app with configuration, files, HTTP, logs, and graceful shutdown.",81,https://typescript.robertdevore.com/lessons/node-application/,,en,,Building a Node.js application · TypeScript Course,"Build a Node.js app with configuration, files, HTTP, logs, and graceful shutdown.",https://typescript.robertdevore.com/lessons/node-application/,website,https://typescript.robertdevore.com/assets/og/node-application.png,summary_large_image,False,False,,True,0,0,200,6786261ff8ed07c43561751cf2c6385e217e5051a77540bf3a0df74307c151cf,5,Building a Node.js application,"[[""h1"", ""Building a Node.js application""], [""h2"", ""Where you are""], [""h2"", ""Mental model""], [""h2"", ""JavaScript and Node reality""], [""h2"", ""TypeScript model""], [""h2"", ""Working example""], [""h2"", ""Type-checker drill""], [""h2"", ""Classes at an adapter boundary""], [""h2"", ""Application lab""], [""h2"", ""Runtime drill""], [""h2"", ""Professional pattern""], [""h2"", ""Exercise""], [""h2"", ""Checkpoint""], [""h2"", ""Sources""]]",0,True,60,77,200,0,0,,False,2,200,,WebSite;WebPage;LearningResource;BreadcrumbList,True,930
after,https://typescript.robertdevore.com/lessons/exhaustiveness/,content/lessons/16-exhaustiveness.md,lessons,Discriminated unions & exhaustiveness · TypeScript Course,57,Describe valid states and catch missing cases when they change.,63,https://typescript.robertdevore.com/lessons/exhaustiveness/,,en,,Discriminated unions & exhaustiveness · TypeScript Course,Describe valid states and catch missing cases when they change.,https://typescript.robertdevore.com/lessons/exhaustiveness/,website,https://typescript.robertdevore.com/assets/og/exhaustiveness.png,summary_large_image,False,False,,True,0,0,200,1e61d495eaf606a552d8fa96939df072fc3b76c63c6243b98916efef711633fe,3,Discriminated unions & exhaustiveness,"[[""h1"", ""Discriminated unions & exhaustiveness""], [""h2"", ""Where you are""], [""h2"", ""Mental model""], [""h2"", ""JavaScript reality""], [""h2"", ""TypeScript model""], [""h2"", ""Working example""], [""h2"", ""Type-checker drill""], [""h2"", ""Runtime drill""], [""h2"", ""Professional pattern""], [""h2"", ""Exercise""], [""h2"", ""Checkpoint""], [""h2"", ""Sources""]]",0,True,57,74,200,0,0,,False,2,200,,WebSite;WebPage;LearningResource;BreadcrumbList,True,740
after,https://typescript.robertdevore.com/lessons/functions/,content/lessons/03-functions.md,lessons,Functions & callbacks · TypeScript Course,41,Write functions and callbacks with clear inputs and return types.,65,https://typescript.robertdevore.com/lessons/functions/,,en,,Functions & callbacks · TypeScript Course,Write functions and callbacks with clear inputs and return types.,https://typescript.robertdevore.com/lessons/functions/,website,https://typescript.robertdevore.com/assets/og/functions.png,summary_large_image,False,False,,True,0,0,200,c6af57122846873ed54de8537249b9c61a120deb2b6abd3a468ae7ffb1a77429,4,Functions & callbacks,"[[""h1"", ""Functions & callbacks""], [""h2"", ""Where you are""], [""h2"", ""Why this matters""], [""h2"", ""JavaScript reality""], [""h2"", ""TypeScript model""], [""h2"", ""Working example""], [""h2"", ""Type-checker drill""], [""h2"", ""Runtime drill""], [""h2"", ""Professional pattern""], [""h2"", ""Common failure modes""], [""h2"", ""Exercise""], [""h2"", ""Checkpoint""], [""h2"", ""Sources""]]",0,True,57,75,200,0,0,,False,2,200,,WebSite;WebPage;LearningResource;BreadcrumbList,True,890
after,https://typescript.robertdevore.com/lessons/errors-and-null/,content/lessons/07-errors-and-null.md,lessons,Errors & nullable values · TypeScript Course,44,Handle missing values and errors with exceptions and result types.,66,https://typescript.robertdevore.com/lessons/errors-and-null/,,en,,Errors & nullable values · TypeScript Course,Handle missing values and errors with exceptions and result types.,https://typescript.robertdevore.com/lessons/errors-and-null/,website,https://typescript.robertdevore.com/assets/og/errors-and-null.png,summary_large_image,False,False,,True,0,0,200,1780bfd529b6360ee59171661e2c9cbdd476617c43473ef3e4bb4ae5ad7d26d6,4,Errors & nullable values,"[[""h1"", ""Errors & nullable values""], [""h2"", ""Where you are""], [""h2"", ""Mental model""], [""h2"", ""JavaScript reality""], [""h2"", ""TypeScript model""], [""h2"", ""Working example""], [""h2"", ""Type-checker drill""], [""h2"", ""Runtime drill""], [""h2"", ""Professional pattern""], [""h2"", ""Exercise""], [""h2"", ""Checkpoint""], [""h2"", ""Sources""]]",0,True,57,75,200,0,0,,False,2,200,,WebSite;WebPage;LearningResource;BreadcrumbList,True,789
after,https://typescript.robertdevore.com/lessons/narrowing/,content/lessons/05-narrowing.md,lessons,"Unions, literals & narrowing · TypeScript Course",48,Use runtime evidence and control flow to make union types useful.,65,https://typescript.robertdevore.com/lessons/narrowing/,,en,,"Unions, literals & narrowing · TypeScript Course",Use runtime evidence and control flow to make union types useful.,https://typescript.robertdevore.com/lessons/narrowing/,website,https://typescript.robertdevore.com/assets/og/narrowing.png,summary_large_image,False,False,,True,0,0,200,da542c558440da7ddc3518b01105385ae5a03953ec1b821eee03650fc2f2b341,4,"Unions, literals & narrowing","[[""h1"", ""Unions, literals & narrowing""], [""h2"", ""Where you are""], [""h2"", ""Why this matters""], [""h2"", ""Mental model""], [""h2"", ""JavaScript reality""], [""h2"", ""TypeScript model""], [""h2"", ""Working example""], [""h2"", ""Type-checker drill""], [""h2"", ""Runtime drill""], [""h2"", ""Professional pattern""], [""h2"", ""Exercise""], [""h2"", ""Checkpoint""], [""h2"", ""Sources""]]",0,True,58,75,200,0,0,,False,2,200,,WebSite;WebPage;LearningResource;BreadcrumbList,True,887
after,https://typescript.robertdevore.com/lessons/advanced-design/,content/lessons/32-advanced-design.md,lessons,Practical advanced types · TypeScript Course,44,"Use brands, builders, recursion, and type-state when they make an API easier to use.",84,https://typescript.robertdevore.com/lessons/advanced-design/,,en,,Practical advanced types · TypeScript Course,"Use brands, builders, recursion, and type-state when they make an API easier to use.",https://typescript.robertdevore.com/lessons/advanced-design/,website,https://typescript.robertdevore.com/assets/og/advanced-design.png,summary_large_image,False,False,,True,0,0,200,c9fbf7edce628ef0b0273bd6fc41c7a1af4bc4d7d7c581c0e7af5ccd7d725cd0,5,Practical advanced types,"[[""h1"", ""Practical advanced types""], [""h2"", ""Where you are""], [""h2"", ""Mental model""], [""h2"", ""JavaScript reality: classes and prototypes""], [""h2"", ""TypeScript model""], [""h2"", ""Working example""], [""h2"", ""Type-checker drill""], [""h2"", ""Runtime drill""], [""h2"", ""Professional pattern""], [""h2"", ""Exercise""], [""h2"", ""Checkpoint""], [""h2"", ""Sources""]]",0,True,60,74,200,0,0,,False,1,200,,WebSite;WebPage;LearningResource;BreadcrumbList,True,872
after,https://typescript.robertdevore.com/lessons/performance/,content/lessons/30-performance.md,lessons,Compiler & editor performance · TypeScript Course,49,Find what slows the compiler or editor before changing your types.,66,https://typescript.robertdevore.com/lessons/performance/,,en,,Compiler & editor performance · TypeScript Course,Find what slows the compiler or editor before changing your types.,https://typescript.robertdevore.com/lessons/performance/,website,https://typescript.robertdevore.com/assets/og/performance.png,summary_large_image,False,False,,True,0,0,200,e126bde65ee64a465363435d39daf399f007582f0a5a3653928a19d9f7d534ed,4,Compiler & editor performance,"[[""h1"", ""Compiler & editor performance""], [""h2"", ""Where you are""], [""h2"", ""Mental model""], [""h2"", ""Runtime and tooling reality""], [""h2"", ""TypeScript model""], [""h2"", ""Working example""], [""h2"", ""Measurement lab""], [""h2"", ""Type-checker drill""], [""h2"", ""Runtime drill""], [""h2"", ""Professional pattern""], [""h2"", ""Exercise""], [""h2"", ""Checkpoint""], [""h2"", ""Sources""]]",0,True,59,75,200,0,0,,False,2,200,,WebSite;WebPage;LearningResource;BreadcrumbList,True,751
after,https://typescript.robertdevore.com/lessons/modules/,content/lessons/19-modules.md,lessons,"ESM, CommonJS & module resolution · TypeScript Course",53,Follow an import from TypeScript source to the code your runtime loads.,71,https://typescript.robertdevore.com/lessons/modules/,,en,,"ESM, CommonJS & module resolution · TypeScript Course",Follow an import from TypeScript source to the code your runtime loads.,https://typescript.robertdevore.com/lessons/modules/,website,https://typescript.robertdevore.com/assets/og/modules.png,summary_large_image,False,False,,True,0,0,200,a2a42bb35fb209fe4fdbffffb4444425dda40d7eee8ce61f0e51f3f73c3b6bfe,5,"ESM, CommonJS & module resolution","[[""h1"", ""ESM, CommonJS & module resolution""], [""h2"", ""Where you are""], [""h2"", ""Mental model""], [""h2"", ""JavaScript reality""], [""h2"", ""TypeScript model""], [""h2"", ""Working example""], [""h2"", ""Type-checker drill""], [""h2"", ""Package map exercise""], [""h2"", ""Runtime drill""], [""h2"", ""Professional pattern""], [""h2"", ""Checkpoint""], [""h2"", ""Sources""]]",0,True,58,74,200,0,0,,False,2,200,,WebSite;WebPage;LearningResource;BreadcrumbList,True,853
after,https://typescript.robertdevore.com/lessons/keyof-typeof-indexed-access/,content/lessons/12-keyof-typeof-indexed-access.md,lessons,"keyof, typeof & indexed access · TypeScript Course",50,Keep property names and their values connected in reusable APIs.,64,https://typescript.robertdevore.com/lessons/keyof-typeof-indexed-access/,,en,,"keyof, typeof & indexed access · TypeScript Course",Keep property names and their values connected in reusable APIs.,https://typescript.robertdevore.com/lessons/keyof-typeof-indexed-access/,website,https://typescript.robertdevore.com/assets/og/keyof-typeof-indexed-access.png,summary_large_image,False,False,,True,0,0,200,20693f012431d6e6b6326ca930e0e34b2e73f949cacf456f4cfbf0a4707c87be,5,"keyof, typeof & indexed access","[[""h1"", ""keyof, typeof & indexed access""], [""h2"", ""Where you are""], [""h2"", ""Mental model""], [""h2"", ""JavaScript reality""], [""h2"", ""TypeScript model""], [""h2"", ""Working example""], [""h2"", ""Type-checker drill""], [""h2"", ""Runtime drill""], [""h2"", ""Professional pattern""], [""h2"", ""Exercise""], [""h2"", ""Checkpoint""], [""h2"", ""Sources""], [""h2"", ""Type explorer""]]",0,True,58,75,200,0,0,,False,2,200,,WebSite;WebPage;LearningResource;BreadcrumbList,True,768
after,https://typescript.robertdevore.com/lessons/static-analysis/,content/lessons/24-static-analysis.md,lessons,"Linting, formatting & static analysis · TypeScript Course",57,"Understand what the compiler, linter, formatter, and tests each check.",70,https://typescript.robertdevore.com/lessons/static-analysis/,,en,,"Linting, formatting & static analysis · TypeScript Course","Understand what the compiler, linter, formatter, and tests each check.",https://typescript.robertdevore.com/lessons/static-analysis/,website,https://typescript.robertdevore.com/assets/og/static-analysis.png,summary_large_image,False,False,,True,0,0,200,2d07b3526d81ffbb30b3557c267878dc80e113e4f7842f881f6437924320e120,5,"Linting, formatting & static analysis","[[""h1"", ""Linting, formatting & static analysis""], [""h2"", ""Where you are""], [""h2"", ""Mental model""], [""h2"", ""JavaScript reality""], [""h2"", ""TypeScript model""], [""h2"", ""Working example""], [""h2"", ""Type-checker drill""], [""h2"", ""A small workflow""], [""h2"", ""Runtime drill""], [""h2"", ""Professional pattern""], [""h2"", ""Exercise""], [""h2"", ""Checkpoint""], [""h2"", ""Sources""]]",0,True,58,75,200,0,0,,False,2,200,,WebSite;WebPage;LearningResource;BreadcrumbList,True,726
after,https://typescript.robertdevore.com/lessons/conditional-types/,content/lessons/14-conditional-types.md,lessons,Conditional types & infer · TypeScript Course,45,"Use conditional types and infer, and learn when unions distribute.",66,https://typescript.robertdevore.com/lessons/conditional-types/,,en,,Conditional types & infer · TypeScript Course,"Use conditional types and infer, and learn when unions distribute.",https://typescript.robertdevore.com/lessons/conditional-types/,website,https://typescript.robertdevore.com/assets/og/conditional-types.png,summary_large_image,False,False,,True,0,0,200,4a0f63c6c663f049cd22b2a6dda8b6eda791dbd20eaf8f495a6265dae157f50c,4,Conditional types & infer,"[[""h1"", ""Conditional types & infer""], [""h2"", ""Where you are""], [""h2"", ""Mental model""], [""h2"", ""JavaScript reality""], [""h2"", ""TypeScript model""], [""h2"", ""Working example""], [""h2"", ""Type-checker drill""], [""h2"", ""Runtime drill""], [""h2"", ""Professional pattern""], [""h2"", ""Exercise""], [""h2"", ""Checkpoint""], [""h2"", ""Sources""]]",0,True,58,74,200,0,0,,False,2,200,,WebSite;WebPage;LearningResource;BreadcrumbList,True,808
after,https://typescript.robertdevore.com/lessons/any-unknown-never-void/,content/lessons/09-any-unknown-never-void.md,lessons,"any, unknown, never & void · TypeScript Course",46,"Choose the right meaning for unchecked values, unknown inputs, impossible cases, and ignored returns.",101,https://typescript.robertdevore.com/lessons/any-unknown-never-void/,,en,,"any, unknown, never & void · TypeScript Course","Choose the right meaning for unchecked values, unknown inputs, impossible cases, and ignored returns.",https://typescript.robertdevore.com/lessons/any-unknown-never-void/,website,https://typescript.robertdevore.com/assets/og/any-unknown-never-void.png,summary_large_image,False,False,,True,0,0,200,2b1127a7038b132acdf047a2ff304560b69384971fceffc3fe062c52b0182720,4,"any, unknown, never & void","[[""h1"", ""any, unknown, never & void""], [""h2"", ""Where you are""], [""h2"", ""Mental model""], [""h2"", ""JavaScript reality""], [""h2"", ""TypeScript model""], [""h2"", ""Working example""], [""h2"", ""Type-checker drill""], [""h2"", ""Runtime drill""], [""h2"", ""Professional pattern""], [""h2"", ""Exercise""], [""h2"", ""Checkpoint""], [""h2"", ""Sources""]]",0,True,57,74,200,0,0,,False,2,200,,WebSite;WebPage;LearningResource;BreadcrumbList,True,769
after,https://typescript.robertdevore.com/reference/,scripts/build.mjs,reference,TypeScript reference · TypeScript Course,40,"Find TypeScript concepts, common errors, and the lesson that explains them.",75,https://typescript.robertdevore.com/reference/,,en,,TypeScript reference · TypeScript Course,"Find TypeScript concepts, common errors, and the lesson that explains them.",https://typescript.robertdevore.com/reference/,website,https://typescript.robertdevore.com/assets/social.png,summary_large_image,False,False,,True,0,0,200,50a5efd5d949b55630e4e86db1c088116f7c8a8cfc46eb91f423dc18efdf00d4,2,TypeScript reference,"[[""h1"", ""TypeScript reference""], [""h2"", ""Runtime versus static contracts""], [""h2"", ""Inference and modeling""], [""h2"", ""Applications and libraries""], [""h2"", ""Error-oriented index""]]",0,True,101,63,200,0,0,,False,1,200,,WebSite;CollectionPage;BreadcrumbList,True,389
after,https://typescript.robertdevore.com/404/,scripts/build.mjs,404,Page not found · TypeScript Course,34,Return to the TypeScript course learning path.,46,https://typescript.robertdevore.com/404/,"noindex,follow",en,,Page not found · TypeScript Course,Return to the TypeScript course learning path.,https://typescript.robertdevore.com/404/,website,https://typescript.robertdevore.com/assets/social.png,summary_large_image,False,False,,False,0,0,200,9735a21c6ef67bd2666697a745842d353d5c6ab1df9d3dc2d5cfdc8bd8e58c97,2,Page not found.,"[[""h1"", ""Page not found.""]]",0,False,1,19,404,0,0,,True,,200,,,False,18
